frames,dates,mjd,telem_status,expstarts,expstops,airmasses,frieds,tau0,theta0,dimms,dimmtimes,masses,masstimes,masswts0,masswts500,masswts1000,masswts2000,masswts4000,masswts8000,masswts16000,windspds,winddirs,temps,skystrehls,maosstrehls-piston,maosstrehls-psd+ncpa-seen,maosstrehls-psd+ncpa-unseen,maos_stds_strehls-piston,maos_stds_strehls-psd+ncpa-seen,maos_stds_strehls-psd+ncpa-unseen,skyfwhms,skyempfwhms,maosfwhms-piston,maosfwhms-psd+ncpa-seen,maosfwhms-psd+ncpa-unseen,maosempfwhms-piston,maosempfwhms-psd+ncpa-seen,maosempfwhms-psd+ncpa-unseen,maos_stds_fwhms-piston,maos_stds_fwhms-psd+ncpa-seen,maos_stds_fwhms-psd+ncpa-unseen,maos_stds_emp_fwhms-piston,maos_stds_emp_fwhms-psd+ncpa-seen,maos_stds_emp_fwhms-psd+ncpa-unseen,lbwfsfwhms,skyrmswfes,maosrmswfes-piston,maosrmswfes-psd+ncpa-seen,maosrmswfes-psd+ncpa-unseen,maos_stds_rmswfes-piston,maos_stds_rmswfes-psd+ncpa-seen,maos_stds_rmswfes-psd+ncpa-unseen,lgsrmswfes,totmaoswfe-piston,totmaoswfe-psd+ncpa-seen,totmaoswfe-psd+ncpa-unseen,homaoswfe-piston,homaoswfe-psd+ncpa-seen,homaoswfe-psd+ncpa-unseen,ttmaoswfe-piston,ttmaoswfe-psd+ncpa-seen,ttmaoswfe-psd+ncpa-unseen,DM_fitting_errors
c0120,20100815,55423.31508,False,07:33:43.032,07:34:26.142,1.58257,0.3887298271579893,0.026257211259910148,1.7787379856882466,0.26,7:33:8,0.21,7:32:38,0.3018200744557453,2.5950537978305402e-08,5.328142372141428e-11,1.0283590847785917e-10,0.012147060330270612,0.5065876296828766,0.17944520942445225,1.5433333333333334,129.0,2.5516,0.21296024322509766,nan,nan,nan,nan,nan,nan,56.11144726435164,56.14814735467271,nan,nan,nan,nan,nan,nan,nan,nan,nan,nan,nan,nan,0.938657,420.50664576698586,nan,nan,nan,nan,nan,nan,124.6,nan,nan,nan,nan,nan,nan,nan,nan,nan,600.3126994068359
c0122,20100815,55423.31624,False,07:35:22.783,07:36:05.908,1.58649,0.3887298271579893,0.02870489672261192,1.6466213507895318,0.26,7:33:8,0.25,7:38:11,0.09172992820338148,3.6579215767292184e-09,3.119585948455862e-10,3.3542450684724535e-08,1.205043598673437e-06,0.7647126617011273,0.1435561675395618,1.5433333333333334,129.0,2.5578,0.2468326836824417,nan,nan,nan,nan,nan,nan,54.54255377353904,53.85541101182941,nan,nan,nan,nan,nan,nan,nan,nan,nan,nan,nan,nan,0.961245,399.93796590703283,nan,nan,nan,nan,nan,nan,114.9,nan,nan,nan,nan,nan,nan,nan,nan,nan,600.3126994068359
c0123,20100815,55423.31695,False,07:36:24.268,07:37:07.095,1.58896,0.2731615001650736,0.027588830386826007,1.6420928610763923,0.37,7:38:42,0.25,7:38:11,0.4955311236071927,2.0316727865924875e-09,1.7326718859241592e-10,1.8630056118565078e-08,6.693020161114119e-07,0.42473461274424085,0.07973357351155423,1.028888888888889,130.0,2.556,0.23179148137569427,nan,nan,nan,nan,nan,nan,57.218779827977656,58.350866381494306,nan,nan,nan,nan,nan,nan,nan,nan,nan,nan,nan,nan,0.941616,408.825756735311,nan,nan,nan,nan,nan,nan,149.7,nan,nan,nan,nan,nan,nan,nan,nan,nan,805.5042648946622
c0124,20100815,55423.31752,False,07:37:13.618,07:37:56.758,1.59099,0.2731615001650736,0.027588830386826007,1.638741818204604,0.37,7:38:42,0.25,7:38:11,0.4955311236071927,2.0316727865924875e-09,1.7326718859241592e-10,1.8630056118565078e-08,6.693020161114119e-07,0.42473461274424085,0.07973357351155423,1.028888888888889,127.0,2.5608,0.2418729066848755,nan,nan,nan,nan,nan,nan,55.27970106467928,58.350866381494306,nan,nan,nan,nan,nan,nan,nan,nan,nan,nan,nan,nan,0.976184,402.8288143943166,nan,nan,nan,nan,nan,nan,195.4,nan,nan,nan,nan,nan,nan,nan,nan,nan,805.5042648946622
c0008,20100815,55423.24293,False,05:49:49.016,05:50:32.269,1.55171,0.20626480624709637,0.022976211902733273,2.5284822409721626,0.49,5:50:21,0.16,6:10:19,0.8534655821254777,0.05472538357284661,0.012433223109971291,2.649860678264152e-09,0.009792963376193604,0.002376233760399918,0.06720661140525022,0.5144444444444445,119.0,2.7794,0.23512835800647736,nan,nan,nan,nan,nan,nan,57.07205787911368,58.350866381494306,nan,nan,nan,nan,nan,nan,nan,nan,nan,nan,nan,nan,0.975762,406.8222653757747,nan,nan,nan,nan,nan,nan,210.9,nan,nan,nan,nan,nan,nan,nan,nan,nan,1017.9578774889544
c0113,20100815,55423.31094,False,07:27:45.336,07:28:28.293,1.56953,0.3368991835369241,0.024252217201251307,2.5513016717603554,0.3,7:28:38,0.12,7:28:9,0.7861093652560327,2.2945161934215675e-10,3.838692968141296e-07,1.837787851603057e-08,0.06557314050394338,0.0069487954862387765,0.1413682962771582,2.057777777777778,123.0,2.5717,0.2223045378923416,nan,nan,nan,nan,nan,nan,56.25351402840292,58.350866381494306,nan,nan,nan,nan,nan,nan,nan,nan,nan,nan,nan,nan,0.955617,414.6278647734938,nan,nan,nan,nan,nan,nan,200.4,nan,nan,nan,nan,nan,nan,nan,nan,nan,676.3437063444692
c0114,20100815,55423.31152,False,07:28:34.996,07:29:18.232,1.57125,0.3368991835369241,0.027241758761707677,2.265096061285382,0.3,7:28:38,0.15,7:29:38,0.7020378601826773,4.6434048084881954e-10,6.328949879485082e-09,9.68916553714984e-10,1.2614401821654115e-06,0.1685545070996886,0.1294063635152448,1.5433333333333334,125.0,2.5547,0.24002037942409515,nan,nan,nan,nan,nan,nan,54.58902365746992,58.350866381494306,nan,nan,nan,nan,nan,nan,nan,nan,nan,nan,nan,nan,0.93579,403.9183944452187,nan,nan,nan,nan,nan,nan,136.3,nan,nan,nan,nan,nan,nan,nan,nan,nan,676.3437063444692
c0115,20100815,55423.31209,False,07:29:24.895,07:30:08.315,1.57301,0.3485163967623353,0.02744075490721281,2.2611289865996853,0.29,7:30:8,0.15,7:29:38,0.6847175142972427,4.913322917609086e-10,6.6968476300901355e-09,1.0252390444003969e-09,1.3347668815987212e-06,0.178352471248105,0.13692867147435156,1.5433333333333334,125.0,2.5489,0.21393731236457825,nan,nan,nan,nan,nan,nan,56.9177490711007,60.47340542403716,nan,nan,nan,nan,nan,nan,nan,nan,nan,nan,nan,nan,0.93601,419.8839117580005,nan,nan,nan,nan,nan,nan,156.2,nan,nan,nan,nan,nan,nan,nan,nan,nan,657.5035051769852
c0116,20100815,55423.31267,False,07:30:14.887,07:30:58.342,1.5748,0.3485163967623353,0.02606866575511316,2.0359535415751013,0.29,7:30:8,0.17,7:31:8,0.5974406370837664,3.0377453167419176e-09,4.763736973981643e-10,5.718785690987625e-07,0.003279384148755479,0.24854279864252055,0.1507366047322694,1.5433333333333334,126.0,2.5554,0.23966394364833832,nan,nan,nan,nan,nan,nan,59.153309596923975,58.350866381494306,nan,nan,nan,nan,nan,nan,nan,nan,nan,nan,nan,nan,0.965011,404.12867016894046,nan,nan,nan,nan,nan,nan,142.7,nan,nan,nan,nan,nan,nan,nan,nan,nan,657.5035051769852
c0117,20100815,55423.31336,False,07:31:14.065,07:31:56.851,1.57695,0.3609634109324187,0.026241445840947168,2.03157806898495,0.28,7:31:38,0.17,7:31:8,0.5731946286536062,3.2207076456388124e-09,5.050655171569955e-10,6.063226135918522e-07,0.003476900299269172,0.26351244373408467,0.1598154172646532,1.5433333333333334,129.0,2.5503,0.20602430403232574,nan,nan,nan,nan,nan,nan,56.868569619052444,59.421613790989255,nan,nan,nan,nan,nan,nan,nan,nan,nan,nan,nan,nan,0.965034,424.9840015128206,nan,nan,nan,nan,nan,nan,154.8,nan,nan,nan,nan,nan,nan,nan,nan,nan,638.5546918615103
c0118,20100815,55423.31393,False,07:32:03.446,07:32:46.635,1.57879,0.3887298271579893,0.026257211259910148,1.7855568355037075,0.26,7:33:8,0.21,7:32:38,0.3018200744557453,2.5950537978305402e-08,5.328142372141428e-11,1.0283590847785917e-10,0.012147060330270612,0.5065876296828766,0.17944520942445225,1.5433333333333334,130.0,2.5526,0.208359032869339,nan,nan,nan,nan,nan,nan,57.82903461796055,59.421613790989255,nan,nan,nan,nan,nan,nan,nan,nan,nan,nan,nan,nan,0.949553,423.4655592814787,nan,nan,nan,nan,nan,nan,118.5,nan,nan,nan,nan,nan,nan,nan,nan,nan,600.3126994068359
c0127,20100815,55423.31925,False,07:39:43.419,07:40:26.847,1.59731,0.3887298271579893,0.02667096969949962,1.8280387324699112,0.26,7:40:11,0.19,7:39:41,0.40695281449910636,2.2775738119257396e-10,8.240676155876768e-09,8.47533527589336e-08,0.0008779011784150125,0.4016811995578123,0.19048799154288007,0.5144444444444445,127.0,2.5707,0.23973168432712555,nan,nan,nan,nan,nan,nan,56.873545084150194,57.26009980271185,nan,nan,nan,nan,nan,nan,nan,nan,nan,nan,nan,nan,0.940217,404.0886879204218,nan,nan,nan,nan,nan,nan,157.6,nan,nan,nan,nan,nan,nan,nan,nan,nan,600.3126994068359
c0129,20100815,55423.32059,False,07:41:38.631,07:42:21.405,1.60237,0.40427902024430895,0.030886466322252944,2.533159137333152,0.25,7:41:41,0.11,7:42:44,0.7565624685935066,1.8567266042691743e-08,5.747010917976015e-09,1.2938142528161387e-09,1.768311051684928e-08,0.07102716057601126,0.17241032753928043,0.5144444444444445,120.0,2.5597,0.2025509476661682,nan,nan,nan,nan,nan,nan,60.10577650823469,60.47340542403716,nan,nan,nan,nan,nan,nan,nan,nan,nan,nan,nan,nan,0.937096,427.26489614420456,nan,nan,nan,nan,nan,nan,130.1,nan,nan,nan,nan,nan,nan,nan,nan,nan,581.0092964548687
c0018,20100815,55423.24901,False,05:58:34.626,05:59:17.828,1.53874,0.28877072874593496,0.023712237033656,2.5646872661013673,0.35,5:59:19,0.16,6:10:19,0.7432642370633475,0.09588165911715513,0.021783640097669452,4.64269086251488e-09,0.017157770578859338,0.004163282566929103,0.1177494059333484,0.0,120.0,2.731,0.24662159383296967,nan,nan,nan,nan,nan,nan,55.352333478128166,56.14814735467271,nan,nan,nan,nan,nan,nan,nan,nan,nan,nan,nan,nan,0.966631,400.060235303814,nan,nan,nan,nan,nan,nan,119.7,nan,nan,nan,nan,nan,nan,nan,nan,nan,769.053307788575
c0100,20100815,55423.30314,False,07:16:31.111,07:17:14.409,1.54906,0.31584298456586635,0.023533746926275943,2.817098195450678,0.32,7:16:39,0.12,7:17:39,0.81067640088759,0.012890449554063318,0.049901664561563294,4.033148231687993e-09,0.00487298055111939,0.006425693792858836,0.11523280661965692,2.057777777777778,111.0,2.5625,0.26989656686782837,nan,nan,nan,nan,nan,nan,54.71552329685218,55.0137244086197,nan,nan,nan,nan,nan,nan,nan,nan,nan,nan,nan,nan,0.92064,386.95949746658846,nan,nan,nan,nan,nan,nan,290.4,nan,nan,nan,nan,nan,nan,nan,nan,nan,713.7148330807207
c0101,20100815,55423.30372,False,07:17:21.053,07:18:04.418,1.5504,0.28877072874593496,0.022857042658359725,2.812716830283285,0.35,7:18:9,0.12,7:17:39,0.8369423013242621,0.011102086845144276,0.04297853316567216,3.473607475033778e-09,0.004196925254338632,0.005534222078867375,0.09924592785810793,2.057777777777778,111.0,2.5602,0.26277461647987366,nan,nan,nan,nan,nan,nan,55.01664385835797,57.26009980271185,nan,nan,nan,nan,nan,nan,nan,nan,nan,nan,nan,nan,0.966518,390.8900504113787,nan,nan,nan,nan,nan,nan,198.8,nan,nan,nan,nan,nan,nan,nan,nan,nan,769.053307788575
c0102,20100815,55423.3043,False,07:18:11.089,07:18:54.119,1.55177,0.28877072874593496,0.02867528578804408,3.7744883872014072,0.35,7:18:9,0.07,7:19:9,0.9378451150237762,2.2540600564383834e-09,4.928653705495869e-09,5.786542234438835e-10,1.9849185571621585e-10,1.20272607489063e-08,0.06215486498910319,2.057777777777778,110.0,2.5671,0.2517670691013336,nan,nan,nan,nan,nan,nan,55.9416400992027,53.85541101182941,nan,nan,nan,nan,nan,nan,nan,nan,nan,nan,nan,nan,0.903885,397.0987512388125,nan,nan,nan,nan,nan,nan,175.7,nan,nan,nan,nan,nan,nan,nan,nan,nan,769.053307788575
c0103,20100815,55423.30492,False,07:19:00.952,07:19:48.017,1.55328,0.3887298271579893,0.03266226539502632,3.7716268313016554,0.26,7:19:39,0.07,7:19:9,0.8979922673784385,3.6993320096733215e-09,8.088837901748384e-09,9.49679262184793e-10,3.2576207249362083e-10,1.973897303668974e-08,0.10200769981897705,2.057777777777778,121.0,2.5498,0.22785070538520813,nan,nan,nan,nan,nan,nan,56.041626583221536,57.26009980271185,nan,nan,nan,nan,nan,nan,nan,nan,nan,nan,nan,nan,0.879116,411.21642541909324,nan,nan,nan,nan,nan,nan,147.6,nan,nan,nan,nan,nan,nan,nan,nan,nan,600.3126994068359
c0104,20100815,55423.30549,False,07:19:54.685,07:20:37.576,1.55469,0.3887298271579893,0.03591881435252469,3.8285340357615203,0.26,7:19:39,0.07,7:20:39,0.9007529383985907,1.369304982685051e-08,1.3278945497409464e-08,4.016811995578123e-09,1.4769721083397224e-09,2.484625976646262e-08,0.09924700428937012,1.5433333333333334,123.0,2.5611,0.19866806268692017,nan,nan,nan,nan,nan,nan,59.6356989323902,62.5239307760551,nan,nan,nan,nan,nan,nan,nan,nan,nan,nan,nan,nan,0.917489,429.846753394402,nan,nan,nan,nan,nan,nan,168.1,nan,nan,nan,nan,nan,nan,nan,nan,nan,600.3126994068359
c0105,20100815,55423.30621,False,07:20:56.274,07:21:39.056,1.55649,0.4394337176568575,0.03705694066227539,3.822356479314692,0.23,7:21:8,0.07,7:20:39,0.87825246484977,1.679742491322945e-08,1.62894382727084e-08,4.927470413054204e-09,1.8118190178584187e-09,3.047919843126313e-08,0.1217474648448788,1.5433333333333334,127.0,2.5494,0.21784894168376923,nan,nan,nan,nan,nan,nan,54.84209354685581,56.14814735467271,nan,nan,nan,nan,nan,nan,nan,nan,nan,nan,nan,nan,0.907832,417.4098718732703,nan,nan,nan,nan,nan,nan,144.2,nan,nan,nan,nan,nan,nan,nan,nan,nan,542.008716487685
c0106,20100815,55423.30678,False,07:21:45.771,07:22:28.849,1.55797,0.3887298271579893,0.03310953578048905,3.4205162364154633,0.26,7:22:39,0.07,7:23:39,0.8808759430044095,7.729947482899479e-09,6.611865793408663e-09,1.344458722918588e-09,6.335796240447965e-10,2.8573198731432006e-08,0.1191240121025402,1.5433333333333334,120.0,2.5497,0.2300097942352295,nan,nan,nan,nan,nan,nan,55.28907009703919,55.0137244086197,nan,nan,nan,nan,nan,nan,nan,nan,nan,nan,nan,nan,0.975054,409.9032531731412,nan,nan,nan,nan,nan,nan,153.9,nan,nan,nan,nan,nan,nan,nan,nan,nan,600.3126994068359
c0107,20100815,55423.30736,False,07:22:35.555,07:23:18.573,1.55948,0.3887298271579893,0.035354260410516876,3.415218594645106,0.26,7:22:39,0.07,7:23:39,0.8808759430044095,7.729947482899479e-09,6.611865793408663e-09,1.344458722918588e-09,6.335796240447965e-10,2.8573198731432006e-08,0.1191240121025402,1.028888888888889,118.0,2.5549,nan,nan,nan,nan,nan,nan,nan,nan,53.85541101182941,nan,nan,nan,nan,nan,nan,nan,nan,nan,nan,nan,nan,0.903944,nan,nan,nan,nan,nan,nan,nan,172.9,nan,nan,nan,nan,nan,nan,nan,nan,nan,600.3126994068359
c0108,20100815,55423.30793,False,07:23:25.216,07:24:08.547,1.56102,0.3368991835369241,0.03460020244409958,3.408850350087524,0.3,7:24:9,0.07,7:23:39,0.9061531648735396,6.0897112242468144e-09,5.208877993596829e-09,1.0591747736457852e-09,4.991388307016585e-10,2.251018256105519e-08,0.09384679975937503,1.028888888888889,118.0,2.5559,0.24403256177902222,nan,nan,nan,nan,nan,nan,52.43614125180511,56.14814735467271,nan,nan,nan,nan,nan,nan,nan,nan,nan,nan,nan,nan,0.942025,401.5653784557376,nan,nan,nan,nan,nan,nan,193.5,nan,nan,nan,nan,nan,nan,nan,nan,nan,676.3437063444692
c0109,20100815,55423.30851,False,07:24:15.247,07:24:58.433,1.56259,0.3368991835369241,0.02962407901409559,3.4887741496217073,0.3,7:24:9,0.07,7:25:8,0.9099592350977102,2.7947424725561273e-09,7.710009389269627e-09,1.5115533217326914e-09,5.665606335415339e-10,2.2075203187894704e-08,0.09004073024422075,2.057777777777778,111.0,2.5638,0.2345871925354004,nan,nan,nan,nan,nan,nan,54.68219339124866,57.26009980271185,nan,nan,nan,nan,nan,nan,nan,nan,nan,nan,nan,nan,0.964625,407.14590806102547,nan,nan,nan,nan,nan,nan,183.2,nan,nan,nan,nan,nan,nan,nan,nan,nan,676.3437063444692
c0110,20100815,55423.30909,False,07:25:05.130,07:25:48.466,1.56419,0.30627198503356734,0.025679395221568188,3.4822207742964366,0.33,7:25:38,0.07,7:25:8,0.9231840568684997,2.3842620514388853e-09,6.577594531012334e-09,1.289542510311304e-09,4.833465092605678e-10,1.8832887021093143e-08,0.07681591356386759,2.5722222222222224,113.0,2.5697,0.23599356412887573,nan,nan,nan,nan,nan,nan,57.269497673120576,58.350866381494306,nan,nan,nan,nan,nan,nan,nan,nan,nan,nan,nan,nan,0.934163,406.3058363338272,nan,nan,nan,nan,nan,nan,179.9,nan,nan,nan,nan,nan,nan,nan,nan,nan,732.2533334274536
c0111,20100815,55423.30979,False,07:26:05.832,07:26:48.624,1.56618,0.30627198503356734,0.02302285841666482,2.3003636151672837,0.33,7:25:38,0.14,7:26:38,0.7621322643471182,1.985338828824597e-10,8.256782979691083e-09,1.4565336267544943e-08,0.00036923591302438774,0.12338788048302404,0.11411059623618013,2.5722222222222224,113.0,2.5572,0.23701521754264832,nan,nan,nan,nan,nan,nan,56.852180168426564,55.0137244086197,nan,nan,nan,nan,nan,nan,nan,nan,nan,nan,nan,nan,0.896331,405.6976198417143,nan,nan,nan,nan,nan,nan,162.5,nan,nan,nan,nan,nan,nan,nan,nan,nan,732.2533334274536
c0112,20100815,55423.31036,False,07:26:55.227,07:27:38.682,1.56783,0.3368991835369241,0.02545083466227482,2.2967715907093895,0.3,7:28:38,0.14,7:26:38,0.7211803697170482,2.3271396464086035e-10,9.67829105282083e-09,1.7072940396549106e-08,0.0004328044762946843,0.14463064157586183,0.13375615724684967,2.057777777777778,128.0,2.5784,0.2333701252937317,nan,nan,nan,nan,nan,nan,55.26689994676496,56.14814735467271,nan,nan,nan,nan,nan,nan,nan,nan,nan,nan,nan,nan,0.960825,407.87558354224893,nan,nan,nan,nan,nan,nan,208.9,nan,nan,nan,nan,nan,nan,nan,nan,nan,676.3437063444692
c0130,20100815,55423.32116,False,07:42:28.119,07:43:11.272,1.6046,0.4594079775503511,0.031000810696166656,2.527845348502908,0.22,7:43:14,0.11,7:42:44,0.6987573806984975,2.297612789471094e-08,7.111658634077195e-09,1.6010349437743018e-09,2.1882026566391373e-08,0.08789280670833867,0.21334975902231584,0.5144444444444445,120.0,2.5646,0.2063576877117157,nan,nan,nan,nan,nan,nan,61.10399498516604,62.5239307760551,nan,nan,nan,nan,nan,nan,nan,nan,nan,nan,nan,nan,0.920261,424.7664669932869,nan,nan,nan,nan,nan,nan,184.6,nan,nan,nan,nan,nan,nan,nan,nan,nan,522.2983351572921
c0131,20100815,55423.32174,False,07:43:18.010,07:44:01.272,1.60689,0.4594079775503511,0.030131351694313063,2.4333799168331085,0.22,7:43:14,0.12,7:44:13,0.6510947075551734,2.2976127894710934e-08,7.749884408930274e-10,2.0970275459458387e-09,0.0007986939696732848,0.1347568136046935,0.2133497590223158,1.028888888888889,120.0,2.5488,0.21857817471027374,nan,nan,nan,nan,nan,nan,58.15321405124768,59.421613790989255,nan,nan,nan,nan,nan,nan,nan,nan,nan,nan,nan,nan,0.939847,416.95194673963647,nan,nan,nan,nan,nan,nan,161.6,nan,nan,nan,nan,nan,nan,nan,nan,nan,522.2983351572921
c0132,20100815,55423.32232,False,07:44:07.975,07:44:51.325,1.6092,0.42112397942115515,0.0288730275506778,2.4276050668150644,0.24,7:44:44,0.12,7:44:13,0.6981948666282798,1.9874485981680764e-08,6.703695668424066e-10,1.8139411808676884e-09,0.0006908749888869979,0.11656543762271496,0.18454879840132135,1.5433333333333334,122.0,2.5623,0.16330532729625702,nan,nan,nan,nan,nan,nan,63.81813618217125,68.30716937493325,nan,nan,nan,nan,nan,nan,nan,nan,nan,nan,nan,nan,0.923637,455.1682724825645,nan,nan,nan,nan,nan,nan,144.7,nan,nan,nan,nan,nan,nan,nan,nan,nan,561.5767367793386
c0133,20100815,55423.32289,False,07:44:58.075,07:45:41.144,1.61156,0.42112397942115515,0.02535909803587994,1.9977394671644892,0.24,7:44:44,0.15,7:45:44,0.5456730509904837,3.1862271176980266e-10,3.817163180608527e-10,1.4211834817059023e-07,5.28408952687544e-05,0.21767294170412263,0.23660102359143761,1.5433333333333334,122.0,2.5535,0.1503790020942688,nan,nan,nan,nan,nan,nan,67.95232672046296,70.12901356874188,nan,nan,nan,nan,nan,nan,nan,nan,nan,nan,nan,nan,0.962244,465.40948243882923,nan,nan,nan,nan,nan,nan,159.1,nan,nan,nan,nan,nan,nan,nan,nan,nan,561.5767367793386
c0134,20100815,55423.32347,False,07:45:47.891,07:46:35.248,1.61394,0.40427902024430895,0.02521632315759593,1.9929695193659867,0.25,7:46:14,0.15,7:45:44,0.5755558488204613,2.9766569370029605e-10,3.5660939542312694e-10,1.3277068813067664e-07,4.936535019287088e-05,0.20335577094376664,0.2210388814606159,1.5433333333333334,123.0,2.5735,0.17752555012702942,nan,nan,nan,nan,nan,nan,63.76656669795513,65.4794292419564,nan,nan,nan,nan,nan,nan,nan,nan,nan,nan,nan,nan,0.973544,444.5588353180051,nan,nan,nan,nan,nan,nan,179.6,nan,nan,nan,nan,nan,nan,nan,nan,nan,581.0092964548687
c0135,20100815,55423.32427,False,07:46:56.617,07:47:42.737,1.61727,0.40427902024430895,0.028033626602629775,2.086260630404923,0.25,7:47:44,0.16,7:47:14,0.5503869719497071,2.72614620468093e-08,2.239860665467575e-08,1.1051944073030797e-05,0.00015620080956550193,0.272614620468093,0.17683110516849274,1.5433333333333334,125.0,2.5829,0.17422153055667877,nan,nan,nan,nan,nan,nan,65.50527271097056,68.30716937493325,nan,nan,nan,nan,nan,nan,nan,nan,nan,nan,nan,nan,0.97713,446.96804490199617,nan,nan,nan,nan,nan,nan,179.2,nan,nan,nan,nan,nan,nan,nan,nan,nan,581.0092964548687
c0136,20100815,55423.32488,False,07:47:49.273,07:48:32.463,1.61988,0.40427902024430895,0.02571062186799824,1.6305824504099622,0.25,7:47:44,0.22,7:48:43,0.189521383726443,2.4166917706360672e-09,1.989349933145543e-09,6.071201277451585e-08,2.652466577527391e-06,0.6071201277451583,0.20335577094376664,1.5433333333333334,124.0,2.5774,0.15544112026691437,nan,nan,nan,nan,nan,nan,65.68586048030197,69.22408515878199,nan,nan,nan,nan,nan,nan,nan,nan,nan,nan,nan,nan,0.929963,461.3250245653302,nan,nan,nan,nan,nan,nan,154.4,nan,nan,nan,nan,nan,nan,nan,nan,nan,581.0092964548687
c0137,20100815,55423.32545,False,07:48:39.119,07:49:22.295,1.62237,0.3743324261521379,0.025764024576130445,1.6265083560073832,0.27,7:49:14,0.22,7:48:43,0.28708902308457057,2.1257637851436173e-09,1.7498665304535873e-09,5.340333411458356e-08,2.3331553739381163e-06,0.5340333411458354,0.1788752453352556,1.028888888888889,123.0,2.5449,0.16485393047332764,nan,nan,nan,nan,nan,nan,63.88510901805755,68.30716937493325,nan,nan,nan,nan,nan,nan,nan,nan,nan,nan,nan,nan,0.962628,453.9813959288548,nan,nan,nan,nan,nan,nan,160.4,nan,nan,nan,nan,nan,nan,nan,nan,nan,619.4927254923361
c0138,20100815,55423.32603,False,07:49:29.035,07:50:12.296,1.62491,0.3743324261521379,0.025764024576130445,1.6224422665019764,0.27,7:49:14,0.22,7:48:43,0.28708902308457057,2.1257637851436173e-09,1.7498665304535873e-09,5.340333411458356e-08,2.3331553739381163e-06,0.5340333411458354,0.1788752453352556,1.028888888888889,123.0,2.5598,0.148737370967865,nan,nan,nan,nan,nan,nan,69.03790807563593,69.22408515878199,nan,nan,nan,nan,nan,nan,nan,nan,nan,nan,nan,nan,0.994473,466.75575045131484,nan,nan,nan,nan,nan,nan,167.1,nan,nan,nan,nan,nan,nan,nan,nan,nan,619.4927254923361
c0139,20100815,55423.32661,False,07:50:18.936,07:51:01.851,1.62748,0.3609634109324187,0.02503734393136874,1.5394448378874648,0.28,7:50:44,0.2,7:51:45,0.2521571458560676,6.9538005985383445e-09,1.9519440276598863e-09,1.9763433280056352e-08,4.269877560506002e-06,0.5733835581250916,0.17445499747210233,1.028888888888889,122.0,2.5533,0.14170606434345245,nan,nan,nan,nan,nan,nan,66.59250710688455,70.12901356874188,nan,nan,nan,nan,nan,nan,nan,nan,nan,nan,nan,nan,0.979489,472.64948179628965,nan,nan,nan,nan,nan,nan,148.2,nan,nan,nan,nan,nan,nan,nan,nan,nan,638.5546918615103
c0140,20100815,55423.32718,False,07:51:08.505,07:51:51.388,1.63006,0.42112397942115515,0.02533636033001102,1.5356728347814508,0.24,7:52:15,0.2,7:51:45,0.03308492583161387,8.99083889647463e-09,2.5237442516420014e-09,2.555291054787527e-08,5.520690550466879e-06,0.741349873919838,0.2255596424905039,1.028888888888889,122.0,2.5696,0.18062332272529602,nan,nan,nan,nan,nan,nan,61.67440093732422,68.30716937493325,nan,nan,nan,nan,nan,nan,nan,nan,nan,nan,nan,nan,0.93022,442.3287908155459,nan,nan,nan,nan,nan,nan,186.0,nan,nan,nan,nan,nan,nan,nan,nan,nan,561.5767367793386
c0141,20100815,55423.32915,False,07:53:58.697,07:54:41.489,1.63921,0.3887298271579893,0.031725503422627546,2.0003231485079764,0.26,7:53:45,0.18,7:54:44,0.4748492733633633,1.6288103624681048e-08,7.674733572307339e-10,2.512232931942331e-08,6.639472748704732e-05,0.39477946073379483,0.13030482899744839,1.028888888888889,122.0,2.5532,0.1555810421705246,nan,nan,nan,nan,nan,nan,68.75483206808558,70.12901356874188,nan,nan,nan,nan,nan,nan,nan,nan,nan,nan,nan,nan,0.958315,461.2135300102818,nan,nan,nan,nan,nan,nan,175.2,nan,nan,nan,nan,nan,nan,nan,nan,nan,600.3126994068359
c0142,20100815,55423.32972,False,07:54:47.996,07:55:35.631,1.64194,0.42112397942115515,0.03199818111190002,1.9951288571748498,0.24,7:55:14,0.18,7:54:44,0.3999038859133432,1.8612613855859763e-08,8.770011274455956e-10,2.8707590862427774e-08,7.587006156498768e-05,0.45111928498100784,0.14890091084687812,1.028888888888889,122.0,2.5687,0.16941975057125092,nan,nan,nan,nan,nan,nan,62.269521490597874,68.30716937493325,nan,nan,nan,nan,nan,nan,nan,nan,nan,nan,nan,nan,0.952133,450.5282567902533,nan,nan,nan,nan,nan,nan,195.6,nan,nan,nan,nan,nan,nan,nan,nan,nan,561.5767367793386
c0143,20100815,55423.33035,False,07:55:42.164,07:56:25.169,1.64498,0.4394337176568575,0.03326344224122248,1.982144564676991,0.23,7:56:45,0.18,7:56:15,0.3214986589756622,5.299993949436308e-10,3.6067051476994694e-08,1.3275384205616827e-07,3.4881749315778904e-07,0.5316926837453677,0.14680813911058402,1.028888888888889,121.0,2.5645,0.19778752326965332,nan,nan,nan,nan,nan,nan,62.606429640376035,62.5239307760551,nan,nan,nan,nan,nan,nan,nan,nan,nan,nan,nan,nan,0.960782,430.4370902307673,nan,nan,nan,nan,nan,nan,148.4,nan,nan,nan,nan,nan,nan,nan,nan,nan,542.008716487685
c0021,20110823,55796.25373,False,06:05:22.875,06:06:05.350,1.51587,0.14037465980705172,0.009721937235534264,3.0871255456607276,0.72,6:5:1,0.21,6:6:1,0.8678770121618288,7.962213574211024e-07,2.1889768111957927e-11,0.04928989355463967,0.05560911067702937,0.009605210026032348,0.01761797733722249,3.086666666666667,93.0,2.2657,0.3157489597797394,0.3574103889749848,0.2500221540868217,0.28435444928554043,0.01920555510945569,0.016069508423320143,0.016413419788442636,55.06158352686315,58.350866381494306,50.57142857142858,52.26132513670139,52.10512694155972,52.944083315099846,54.14985436701818,56.36749620241014,0.0,0.4532616028944816,0.49095013522992964,2.411542103836684,2.088456724218339,3.824594547960703,0.921964,363.0407085815607,343.0187013092224,398.1949805318963,379.23700411923926,9.06877863452229,9.23856261428919,8.765095653336655,109.3,390.9803632674952,452.961809832051,437.03623722470456,334.41136727789785,389.51713608342754,369.78454507499185,201.78120931227306,230.83743762181584,232.36060372791272,1402.8465050366538
c0022,20110823,55796.25432,False,06:06:13.826,06:06:56.300,1.51594,0.1486319927368783,0.010018892606451713,3.0881780801896666,0.68,6:6:31,0.21,6:6:1,0.8546714214259092,8.758030680177478e-07,2.4077633552487925e-11,0.05421638040109867,0.061167198401239534,0.010565243360214102,0.019378880584392705,3.086666666666667,93.0,2.2569,0.2947711944580078,0.39409882268260554,0.2741596054520965,0.3123265049626396,0.016628030059619273,0.015096814871299345,0.014772265430934926,56.26873532649163,55.0137244086197,50.57142857142858,52.01242846097607,51.83132813578126,51.7383122631815,54.14985436701818,55.25867528471416,0.0,0.44561389153556613,0.48774300550089716,2.088456724218339,2.088456724218339,3.274762785322306,0.909164,373.70897438231043,326.2753790988097,384.68467642343796,364.7676486388352,7.4497983722480825,8.17152116626174,7.435610947841858,119.7,364.32494655483174,430.8043951378499,413.892717324056,307.68243994480906,366.65624455595287,345.5277039478224,194.53935252251185,225.94035585530588,227.43692693183206,1337.592530103982
c0026,20110823,55796.25676,False,06:09:44.791,06:10:27.266,1.5165,0.22970398877517556,0.012388929151897059,3.5100872681583066,0.44,6:10:59,0.18,6:10:29,0.7721226820043515,8.730381530362516e-10,0.0005427770096179327,0.08730381530362516,0.08787818250957005,0.018494624031425856,0.03365791826837128,3.6011111111111114,100.0,2.2407,0.2713029682636261,0.605056369866483,0.4120426617763196,0.4743177371642108,0.010087692698479006,0.002541441379314789,0.0033260147699870554,57.51991060820203,57.26009980271185,50.57142857142858,50.70421535976101,50.57142857142858,50.53254121126316,51.7383122631815,50.53254121126316,0.0,0.229993463965675,0.0,0.0,2.088456724218339,0.0,0.883115,386.1909576275945,239.61529050124375,318.30795014324747,291.95160520389015,3.976307076722227,1.1064730662857514,1.3729872821864053,123.3,255.12666472876828,345.7498931913292,322.36730454382365,203.16151012637806,285.1789048351297,256.2426071975556,154.17604318733686,195.467598647371,195.56620810763445,930.6298345569297
c0027,20110823,55796.25735,False,06:10:35.809,06:11:18.284,1.5167,0.22970398877517556,0.01202643362468626,3.3972321984558937,0.44,6:10:59,0.18,6:11:59,0.7739819073921312,2.1309023340555884e-09,6.203165824204947e-05,0.045432445990241786,0.1361250278089419,0.008098577603823126,0.03630000741571784,3.6011111111111114,105.0,2.2154,0.2683700919151306,0.5996726893034091,0.4090728404567464,0.46996260367379455,0.015202330463835883,0.00428864572821467,0.006648547877618058,58.04457394141464,53.85541101182941,50.57142857142858,50.57142857142858,50.57142857142858,49.198825630866764,50.404596682785105,50.53254121126316,0.0,0.0,0.0,2.3100631480927647,3.5936547571765893,0.0,0.976279,387.79647579003694,241.73874362572823,319.60660532651497,293.75639462815127,5.994828737428951,1.8721864197833842,2.7558712759843234,104.4,257.5483127115614,347.78245307085433,324.03677734617327,204.86910956711804,285.869726664781,257.7147677583234,155.94225772295079,198.02831109049166,196.37956506952477,930.6298345569297
c0029,20110823,55796.25853,False,06:12:17.796,06:13:00.271,1.51718,0.17731535975627585,0.010778888929216041,3.623212283810205,0.57,6:12:29,0.19,6:13:28,0.844147058697325,0.006641089591811969,0.008357326227898209,0.05559114321235862,0.060814472104795,0.0015408820232687321,0.022908028142542412,3.6011111111111114,92.0,2.2057,0.3216184377670288,0.5227540108253064,0.35957291674689684,0.41259975978201036,0.019990684427954743,0.015479506993370007,0.01819140510391431,53.55233282428439,53.85541101182941,50.57142857142858,51.04760140575996,50.84331426328432,50.53254121126316,52.94408331509984,50.40459668278511,0.0,0.3162798912616445,0.27189455814322466,0.0,2.411542103836684,3.5936547571765893,0.871693,360.12887721883055,272.29286582554664,341.9652237725046,318.142558571752,8.046950058979657,7.2692596411890005,7.98719252954888,146.0,293.0807855034858,373.31672371564815,352.02090521653423,239.93803424928237,312.4708181481274,286.18415128944747,168.16108337379796,204.22112789453482,204.87587697476863,1154.6812682478323
c0015,20110823,55796.2501,False,06:00:10.069,06:00:52.544,1.51602,0.16844959176846205,0.010234933251483651,3.145619271663231,0.6,6:1:0,0.18,6:3:2,0.8607157114991808,6.74773841859062e-09,8.220595027724612e-05,0.008015080152031498,0.09179664447625817,0.01798255162314759,0.02140779955136618,3.6011111111111114,99.0,2.3146,0.37752482295036316,0.4950531493301875,0.33926181148131884,0.3899130143600606,0.008138838767378222,0.009624303534024648,0.009074308480011308,53.000670014930535,51.46062707686444,50.57142857142858,51.222625977912365,50.86305899337344,51.7383122631815,56.464446336632506,50.53254121126316,0.0,0.27640363357291164,0.2372458962176746,2.088456724218339,1.9205341659445785,0.0,0.894599,333.72048232801313,283.46006149094956,351.5014171944847,328.08798997717554,3.3061423383750803,4.594916937501524,4.045202493810318,189.4,308.6361948813276,387.3530247732755,365.9531212667425,254.8837070018954,324.29935840649284,299.10979936973365,173.88819354424064,211.80991462271243,210.7840350119934,1205.1074820091474
c0023,20110823,55796.25491,False,06:07:08.127,06:07:50.602,1.51603,0.15085038068817494,0.009397630727790594,3.088197433680688,0.67,6:8:0,0.21,6:6:1,0.8510383265701529,8.976974239131284e-07,2.467955457488156e-11,0.05557174528986033,0.0626963280193296,0.010829365748793295,0.019863336649760335,3.6011111111111114,87.0,2.2365,0.2752130329608917,0.4097683717788384,0.2830563782188495,0.3232543975703872,0.04485818643762158,0.029009588182033058,0.032369794142430595,60.10998152937166,60.47340542403716,50.57142857142858,52.05544774406386,52.007575631262505,51.7383122631815,54.14985436701818,51.7383122631815,0.0,0.7479493864507927,0.8848546402834705,2.088456724218339,2.088456724218339,2.088456724218339,0.923267,384.0670328253376,319.7530136506324,380.24953991336383,359.678270902559,19.46877095749006,15.431675214217616,15.884469398986393,114.5,354.83955114829024,424.1759679067904,406.5211020810984,298.19796545205304,359.45394679415426,337.1125211534958,191.74113676827739,224.92290196177538,226.80165476697312,1321.1802606608387
c0024,20110823,55796.25558,False,06:08:02.393,06:08:44.868,1.51617,0.15085038068817494,0.00944850202766061,3.1215267817362022,0.67,6:8:0,0.17,6:9:0,0.8617488970511947,0.0023425628014494973,0.01442015544444581,0.03562291364734637,0.05386184543478771,0.011598820683575978,0.0204048049372,3.6011111111111114,94.0,2.2386,0.27055320143699646,0.4182358512476995,0.2890094493350592,0.3296536507609499,0.025630264175800263,0.018879938433489504,0.021484795398048026,59.242538003434014,58.350866381494306,50.57142857142858,51.97838402114556,51.68019113086233,50.53254121126316,55.25867528471416,55.16172515049179,0.0,0.3599118934429188,0.3976278960788465,0.0,3.274762785322306,4.629183939228636,0.957444,386.60036115406706,315.76400373010364,376.82226439802673,356.29670091486844,11.130386065945588,9.937454734031046,10.51893883616745,90.2,348.3454017452408,418.00766634677774,400.46603443220926,291.44772209156844,353.47580020702986,331.3971205982874,190.45843424385924,223.0369133882247,224.5917449827327,1321.1802606608387
c0025,20110823,55796.25617,False,06:08:53.709,06:09:36.184,1.51632,0.11890559418950263,0.008122993862566283,3.114783110619343,0.85,6:9:30,0.17,6:9:0,0.9070116803781431,0.0015756183774976555,0.00969906203179822,0.0239601334777624,0.036227721818376746,0.007801419460359438,0.013724364456062302,3.6011111111111114,122.0,2.2175,0.29878202080726624,0.297914489922534,0.2070621938942579,0.23640202699469126,0.02801486563843522,0.014955083634381345,0.017518730827914886,56.88153523338759,53.85541101182941,50.96191001751643,52.54018998531248,52.056541769200706,50.53254121126316,59.79090908972043,52.94408331509984,0.6763337040371338,0.9599261845561681,0.9421097284826159,0.0,0.0,2.411542103836684,0.904554,371.6359303617458,372.3803818855895,424.4426967881079,406.2148532536502,14.248223200844008,9.628503796663054,10.340759986367663,131.7,426.60899201855057,486.08730134339146,470.0733042102307,372.73559259603337,424.57580164747543,405.9794225650886,206.5952147135531,236.0545405870232,236.27582739274197,1610.950436760485
c0028,20110823,55796.25794,False,06:11:26.767,06:12:09.241,1.51693,0.17731535975627585,0.01059317113235191,3.392093393884529,0.57,6:12:29,0.18,6:11:59,0.8531841624868995,1.3841821564956406e-09,4.029425145593778e-05,0.02951180824226554,0.08842349625053013,0.005260638384525211,0.02357959900014137,3.6011111111111114,105.0,2.2261,0.2746902406215668,0.5210388512934582,0.35836899287493157,0.41026863749927744,0.01583234457882125,0.006662178560919142,0.008340372141237591,60.119088910899045,60.47340542403716,50.57142857142858,50.79041133258137,50.69896478887706,51.7383122631815,52.944083315099846,50.53254121126316,0.0,0.3792892682983696,0.2208992084259347,2.088456724218339,2.411542103836684,0.0,0.998403,384.34992932786923,272.9674080853912,342.45831495243806,319.0963177922411,6.358849864539388,3.101115343404755,3.6427703733191312,115.9,296.3736045660909,376.621117473891,356.4328026299608,243.50131506631328,315.03039335489126,289.2819807778989,168.87229085973166,206.3483870245036,208.19977392248558,1154.6812682478323
c0030,20110823,55796.2592,False,06:13:15.518,06:13:57.993,1.5175,0.1981759903158377,0.010782411146684085,3.6244719900247,0.51,6:13:58,0.19,6:13:28,0.8124043333915218,0.007993686988319995,0.010059471266200442,0.06691344726177974,0.07320061680315501,0.0018547150147057065,0.027573729274317286,4.115555555555556,105.0,2.1969,nan,0.5689053349468466,0.38834852889638233,0.4463072857524836,0.015512370395640136,0.005157605663051132,0.007246408175659844,nan,53.85541101182941,50.57142857142858,50.57142857142858,50.57142857142858,50.53254121126316,50.53254121126316,50.53254121126316,0.0,0.0,0.0,0.0,0.0,0.0,0.952081,nan,253.8898615937892,328.7726937592776,303.63863875848875,6.135119452411579,2.3044746459319465,3.0580503539210855,154.6,272.5182346033165,358.0473661765461,335.31302325323446,218.82474257253205,297.34228167156783,269.25036708542007,162.3264670536846,199.4606487895434,199.8397304173654,1052.4663540392717
c0033,20110823,55796.26102,False,06:15:52.816,06:16:35.290,1.51855,0.18048170546620934,0.010377338833611473,3.310056751711167,0.56,6:16:57,0.21,6:17:57,0.8023341301323498,0.01806045036363558,4.611178816247383e-09,0.09452916573307134,0.05341282128819884,0.003765796033268695,0.027897631838296664,3.6011111111111114,102.0,2.1841,nan,0.5255833841586945,0.3592916002680625,0.41318188875674555,0.0065410023082168,0.004615007127535735,0.00587164160421327,nan,55.0137244086197,50.57142857142858,51.14019612018791,50.77253417952766,50.53254121126316,55.355625418936526,51.7383122631815,0.0,0.43063751046125864,0.3483251309146487,0.0,0.0,2.088456724218339,0.892947,nan,271.1248543764149,342.0213234157958,317.8183525788676,2.626932142959616,2.1459908673451946,2.5550687748223333,118.9,293.49380329166945,374.5937188076698,352.8968161067726,239.09079719931114,312.0678927995502,285.4368752507453,170.14802485421217,207.19078453751345,207.48841682467506,1137.7751128838377
c0042,20110823,55796.26651,False,06:23:46.974,06:24:29.449,1.5232,0.15313599251678367,0.00797172903096502,2.5423319106349362,0.66,6:24:53,0.16,6:24:24,0.9021555155990457,4.0033611551464377e-11,0.0001569200686360319,0.00020425908375528175,0.047923447404672685,0.01537056910662063,0.034189288697235996,4.115555555555556,102.0,2.1244,0.3265133798122406,0.41600830210428646,0.2850936245402862,0.3258287576724853,0.015651661379888767,0.010003307339086352,0.009942218913940672,54.929759625979266,53.85541101182941,50.57142857142858,52.22100123461497,52.00960522253978,51.7383122631815,57.47631712010611,52.84713318087748,0.0,0.12721074159670492,0.07520254479858014,2.088456724218339,4.008990890162917,4.008990890162917,0.953763,357.7231866176125,316.6369655388392,378.7475466719453,358.01536776895375,6.78072576609981,5.295449459293722,4.871516780098778,138.6,350.13191919148613,421.4028895203029,403.16884459799473,290.3306061889585,352.99682062589403,330.54018638494205,195.669608529105,230.15708811550718,230.8323155764259,1304.7271122090178
c0043,20110823,55796.2671,False,06:24:37.795,06:25:20.270,1.52384,0.15313599251678367,0.007943986441886307,2.404197369875508,0.66,6:24:53,0.2,6:25:53,0.8638322441130825,1.0578224366153358e-09,8.854149124155989e-05,0.0008123608767377441,0.07977500696021732,0.022471421374508103,0.03302042412639032,4.115555555555556,90.0,2.1228,0.32320696115493774,0.3930082012026708,0.2716788707262181,0.3102773005017809,0.02874535675490812,0.019769119147755178,0.022689542575186003,54.450330317317736,53.85541101182941,50.57142857142858,52.717048185263764,52.61913046806329,54.05290423279581,55.25867528471416,56.464446336632506,0.0,0.24571576395090186,0.28373077282341425,3.853819333909524,3.274762785322306,1.9205341659445785,0.948936,359.3459639976457,326.9142896679717,386.1505639450954,365.9494576345779,12.967674915748754,11.047500821860504,11.676500133443621,194.9,364.25721505475644,431.21076634178985,414.24789157751565,296.16105010963395,357.477372883292,335.5712129455839,211.5962873753885,240.95012168980992,242.62821526130037,1304.7271122090178
c0074,20110823,55796.2859,False,06:51:42.627,06:52:25.102,1.55858,0.17731535975627585,0.008972571292766733,1.6638566399370653,0.57,6:51:41,0.63,6:52:40,0.1243699931237853,5.437651130711799e-11,0.0049050976694565195,0.3363495544770185,0.507327244669503,0.010987418779582604,0.01606069122627763,4.115555555555556,98.0,1.9139,0.38263383507728577,0.4610191634801689,0.31066377580088356,0.3619741123094381,0.024725067448118507,0.013097155248184996,0.01894193216322456,53.47157775584008,53.85541101182941,50.92583353819403,52.646429612569996,52.31503363826155,51.7383122631815,57.57326725432848,52.94408331509984,0.6138474088925198,1.127840092784152,1.2963143728361948,2.088456724218339,2.2176418353919516,2.411542103836684,0.955214,331.40992926311895,297.5656849697425,365.5828662756344,340.88897679843853,10.374560580192494,6.626084647187519,8.846768679420306,148.1,324.40306205722544,404.7576243198055,381.6485990343774,249.09237489284212,322.40064547713314,295.42324659782764,207.7199387451907,244.65516218789378,241.55410938753886,1154.6812682478323
c5260,20120724,56132.28059,False,06:44:02.469,06:44:44.944,1.62207,0.18716621307606895,0.03328464498558294,2.933125029680087,0.54,6:44:37,0.12,6:45:37,0.9159562601571558,3.5193443498258046e-10,0.00165760302323582,0.0006491598046662447,0.037683930799178866,0.010329398149720751,0.03372364771410806,0.0,261.0,4.2768,0.31174495816230774,0.5430424844937387,0.362638191596525,0.4274938687051617,0.04740816743381942,0.03687521923151216,0.038571003418939404,57.390290474399436,58.350866381494306,50.57142857142858,50.97963100303609,50.585763062101535,49.198825630866764,52.944083315099846,50.40459668278511,0.0,0.490680748222123,0.02482806614618256,2.3100631480927647,2.411542103836684,3.5936547571765893,0.908303,365.0446846369447,264.3359495815653,340.9280713848333,311.9637513522508,19.134538500737772,17.400507284999282,16.87752512638247,163.3,280.4756421642949,368.28953061622593,342.2604403052194,229.36489311103912,310.3747201795989,277.34710712969445,160.6719788423532,197.94573235837368,200.2794079335162,1103.810550076775
c5262,20120724,56132.28177,False,06:45:48.02,06:46:30.478,1.617,0.22970398877517556,0.03174748957493489,2.950505507732563,0.44,6:46:7,0.12,6:45:37,0.8817665101611373,4.951045315245056e-10,0.002331930856136303,0.0009132438574523946,0.05301409310871448,0.014531490310406028,0.04744273121104892,0.5144444444444445,259.0,4.2894,0.32986390590667725,0.6099921595599682,0.4128273126776978,0.4775253720309414,0.007793197702519879,0.010612122086381664,0.007880347761175114,51.7267298500092,52.67163104744902,50.57142857142858,50.78417912631465,50.57142857142858,50.53254121126316,51.7383122631815,50.53254121126316,0.0,0.21602359726667564,0.0,0.0,2.088456724218339,0.0,0.932117,356.0880001483026,237.66944259151,317.99111998951435,290.636834702933,3.0719032201691943,4.640902140628786,3.253706011209014,150.7,249.5490348899645,342.87616567160234,317.90543177334797,199.74958256487068,285.10407679265086,253.37750510811978,149.46664449545375,190.40204235619316,191.96684145846345,930.6298345569297
c5267,20120724,56132.28484,False,06:50:09.899,06:50:52.374,1.6045,0.30627198503356734,0.032387821311366104,2.989889190565431,0.33,6:52:11,0.12,6:45:37,0.8090271029790161,7.997019020779452e-10,0.0037665774042186287,0.0014750881952481823,0.08562933359836933,0.023471529144515103,0.07663036787893072,0.5144444444444445,257.0,4.2818,0.3207763433456421,0.6603530998087777,0.44807921035682446,0.514236084120341,0.00687794874510026,0.013390363366618276,0.010358109087264348,54.426207319577735,56.14814735467271,50.57142857142858,50.738783641125345,50.57142857142858,49.198825630866764,51.7383122631815,49.198825630866764,0.0,0.1854368369394263,0.0,2.3100631480927643,2.088456724218339,2.3100631480927643,0.914901,360.5447970711459,217.76229338012917,302.91560209602045,275.6933466423169,2.733379997795254,5.67463669239161,4.18535796008056,171.3,228.33604902308744,327.60260057481105,302.1138584106924,178.32564694131162,267.8553007955603,237.18886327246307,142.34517001873184,188.53451225861966,187.0801488208001,732.2533334274536
c5300,20120724,56132.30508,False,07:19:19.170,07:20:01.646,1.54416,0.25267438765269307,0.02784155498959038,2.4038092616198656,0.4,7:20:52,0.17,7:20:22,0.7617362093854927,9.694824153383578e-12,8.617621469674293e-10,2.114010266779475e-08,0.062141129816479464,0.10974002340288357,0.06638261538358478,0.0,250.0,4.269,0.3319006860256195,0.6018108934583672,0.40217308377606326,0.47260190671117763,0.02139722676511686,0.008458449229614138,0.00957911487688489,53.88705231078808,52.67163104744902,50.57142857142858,51.16061326998835,50.93216773440247,49.198825630866764,52.944083315099846,54.14985436701819,0.0,0.7180432922214393,0.6248185585506426,2.3100631480927647,2.411542103836684,2.088456724218339,0.988482,355.0984610796188,240.893569114969,322.646748427047,292.67194064697037,8.438312093785047,3.7256549628170736,3.9643176456157487,175.1,251.87790452546923,347.96428012288345,320.3178878196268,196.98577516996104,285.4699189392458,251.35684634593727,155.61877899109345,198.2037513781308,198.07064868295114,859.5735967398408
c5301,20120724,56132.30568,False,07:20:10.341,07:20:52.817,1.54293,0.25267438765269307,0.02784155498959038,2.406876042276256,0.4,7:20:52,0.17,7:20:22,0.7617362093854927,9.694824153383578e-12,8.617621469674293e-10,2.114010266779475e-08,0.062141129816479464,0.10974002340288357,0.06638261538358478,0.0,250.0,4.2533,0.35362210869789124,0.5999318144373212,0.404163326018608,0.47341763720038044,0.02164169609521497,0.008107407140199642,0.009805056566050676,53.050977081013556,52.67163104744902,50.57142857142858,51.05769434442626,50.920921931169744,49.198825630866764,52.944083315099846,54.14985436701819,0.0,0.734497384820126,0.605340255979649,2.3100631480927647,2.411542103836684,2.088456724218339,0.926017,344.7423531746162,241.6352239763573,321.76953821964787,292.3356290690025,8.534652801227407,3.5571684214266113,4.056485103196169,118.9,253.4424934521884,346.68062429186995,319.3246403625875,197.04309681527354,285.03906932794007,251.21117726113323,158.0321240934105,196.49458192978275,196.7089737820598,859.5735967398408
c5304,20120724,56132.30745,False,07:22:43.605,07:23:26.082,1.53941,0.25267438765269307,0.024417018774472752,2.8699528455951895,0.4,7:20:52,0.22,7:21:52,0.6249988157337047,0.2154405367418573,0.010502726166165542,0.010974002340288357,0.015754089249248315,0.06517076236441183,0.05715906740432401,0.0,250.0,4.263,0.3519977629184723,0.6305458143797633,0.41989675560970485,0.4941549321274066,0.013947537618404386,0.007494157320454357,0.006897306052152332,53.23096147404647,52.67163104744902,50.57142857142858,50.776695284240915,50.57142857142858,50.53254121126316,51.7383122631815,51.7383122631815,0.0,0.3555323756936142,0.0,0.0,2.088456724218339,2.088456724218339,0.940144,345.50492831546467,229.5589391347953,314.9110780842447,283.8239787521433,5.510145582419156,3.2380635407620106,2.811803207092414,124.5,240.22490427251554,339.2711403765727,310.19350272049354,190.36932999805327,279.8276893171979,245.8167307325844,145.70415557441277,191.46438546978823,188.98465207322863,859.5735967398408
c5308,20120724,56132.30986,False,07:26:11.764,07:26:54.241,1.53504,0.22970398877517556,0.024417018774472752,2.882252157964706,0.44,7:32:58,0.22,7:21:52,0.6800774662886895,0.1837975059023688,0.008960128412740477,0.00936218545690191,0.013440192619110718,0.05559874553546655,0.04876377578472222,0.0,250.0,4.2818,nan,0.6160223774328212,0.4094047840335321,0.482296473515615,0.016499503193024075,0.010818487163813074,0.00994550839155883,nan,52.67163104744902,50.57142857142858,50.77439885671777,50.57142857142858,50.53254121126316,51.7383122631815,51.7383122631815,0.0,0.3515548465476272,0.0,0.0,2.088456724218339,2.088456724218339,0.927139,nan,235.29012026085576,319.4847544262602,288.6803199839551,6.50740989486717,4.727209719674013,4.09157869205932,141.0,246.09222592897868,343.8416250821759,315.1698035542932,197.17016758895497,285.33422704963596,251.28280400399046,146.47907121077685,191.51351099768894,189.99442690626623,930.6298345569297
c5309,20120724,56132.31045,False,07:27:02.999,07:27:45.475,1.53404,0.22970398877517556,0.02684949396467836,2.5492137467017377,0.44,7:32:58,0.15,7:32:28,0.8270465387898568,8.156014324417616e-09,0.0019930542046288115,0.0030154278312107376,0.06662659588960869,0.03469177923907211,0.06662659588960869,0.0,250.0,4.2727,nan,0.591621791266484,0.3953895966019009,0.4656128767631312,0.023186076154380727,0.012888993134784168,0.015682919819854133,nan,56.14814735467271,50.57142857142858,50.906719676998776,50.7682826898199,47.86511005047038,52.944083315099846,52.944083315099846,0.0,0.4337815418841711,0.34096133473294205,2.667431160792784,2.411542103836684,2.411542103836684,0.889372,nan,244.92085930393674,325.67147948157503,295.5921866129652,9.154149746835973,5.745660795354079,6.546080980465423,142.0,257.5112429222473,350.8480028575853,322.67553928837805,203.00365792475793,289.81786086219586,255.90727756950335,157.49984565132306,197.22068845915422,196.225992495845,930.6298345569297
c5261,20120724,56132.28118,False,06:44:53.494,06:45:35.973,1.61952,0.18716621307606895,0.03328464498558294,2.9405178385148867,0.54,6:44:37,0.12,6:45:37,0.9159562601571558,3.5193443498258046e-10,0.00165760302323582,0.0006491598046662447,0.037683930799178866,0.010329398149720751,0.03372364771410806,0.0,259.0,4.2746,0.30534496903419495,0.5450175668118287,0.3629991318166726,0.4274181698538989,0.047342752689875964,0.036851836636722216,0.037558104106199544,55.110096888280864,57.26009980271185,50.57142857142858,50.944021407838655,50.57142857142858,49.198825630866764,54.14985436701818,50.40459668278511,0.0,0.4415453827253998,0.0,2.3100631480927647,2.088456724218339,3.5936547571765893,0.897675,368.2786476619249,263.5441418653348,340.75887702835087,311.9789651856725,19.09041106769069,17.37460743038401,16.433674672877267,160.6,278.9795858062444,368.2083134622276,342.06793938863245,229.2125242885795,310.01173865328343,277.0283202553368,158.32210152719114,198.33321690779508,200.36560489612881,1103.810550076775
c5302,20120724,56132.30627,False,07:21:01.398,07:21:43.874,1.54173,0.25267438765269307,0.024417018774472752,2.8630460235979993,0.4,7:20:52,0.22,7:21:52,0.6249988157337047,0.2154405367418573,0.010502726166165542,0.010974002340288357,0.015754089249248315,0.06517076236441183,0.05715906740432401,0.0,250.0,4.2551,nan,0.6298865443460908,0.41984100096440574,0.4935024378760856,0.01260862633940323,0.007043181456254419,0.006597148653054348,nan,51.46062707686444,50.57142857142858,50.79276372639142,50.57142857142858,50.53254121126316,51.7383122631815,51.7383122631815,0.0,0.3833637338967707,0.0,0.0,2.088456724218339,2.088456724218339,0.928092,nan,229.82037789163996,314.9337419120814,284.0894258181472,4.9800230459316515,3.0430658549399703,2.6918397704256383,119.6,240.29673862954172,339.1437970222667,310.55047995180985,190.81106824135406,279.91373306114286,246.11446339285573,145.32390518147542,191.0389320186565,189.1426309758688,859.5735967398408
c5303,20120724,56132.30686,False,07:21:52.397,07:22:34.874,1.54056,0.25267438765269307,0.024417018774472752,2.8665258252056782,0.4,7:20:52,0.22,7:21:52,0.6249988157337047,0.2154405367418573,0.010502726166165542,0.010974002340288357,0.015754089249248315,0.06517076236441183,0.05715906740432401,0.0,250.0,4.2603,0.37790438532829285,0.6301730969259003,0.4197648614641983,0.49386176156214956,0.013078738014601587,0.007427337085720835,0.00755919249371348,52.14528726734217,51.46062707686444,50.57142857142858,50.77638471611362,50.57142857142858,50.53254121126316,51.7383122631815,51.7383122631815,0.0,0.35499445591792117,0.0,0.0,2.088456724218339,2.088456724218339,0.979251,333.54830941177187,229.70680400315624,314.96786209527,283.9446315532533,5.166459100535036,3.209166665184963,3.083588664227655,130.3,240.25865619115288,339.3664482735691,310.7999767240916,190.73818495302666,279.910858815584,246.05061431025808,145.384949322392,191.50452953970878,189.6878925402397,859.5735967398408
c0058,20140806,56875.27304,False,06:33:11.098,06:33:53.574,1.53995,0.14235176769165808,0.004246604924394443,3.235848701341468,0.71,6:34:1,0.16,6:33:31,0.9171028965311057,3.363490463977442e-11,0.008641583192065122,0.004683013645999362,0.034152364711155576,0.020336180805279002,0.015083961080760377,10.803333333333335,105.0,2.7714,0.2959652543067932,0.3788360551123401,0.2549751142729373,0.3013146308748127,0.020011495739150995,0.012288259313827214,0.013976468886063655,53.547165746281806,52.67163104744902,50.61964082559855,52.33055298943247,52.029178172375026,52.94408331509984,58.68208817202446,54.14985436701818,0.08350607376981539,0.702173089233068,0.8087289579586194,2.411542103836684,1.9205341659445785,2.088456724218339,1.031806,373.0900843679387,333.16669151220765,395.28648503362325,370.3469408189114,9.131973075886782,7.004503758679534,7.216906030682724,154.6,373.79022461522015,445.2717382317278,422.7762649261426,317.29691374566545,379.0676030090114,354.29993531287374,197.17307234861516,233.39416044832288,230.45914953080188,1386.5909609819003
c0033,20140806,56875.25785,False,06:11:19.017,06:12:01.494,1.57904,0.1464779058856192,0.004672021548834326,3.1594236624417262,0.69,6:11:47,0.18,6:18:22,0.8969141019052498,2.5778197715286e-11,1.0908247875310497e-10,2.4204370907405384e-07,0.049656949283129886,0.04775750313568775,0.0056712034973629205,10.28888888888889,104.0,3.0146,0.24227866530418396,0.3811702109654801,0.2546080463256806,0.3020924769957055,0.02968144992259319,0.01970724420553369,0.021770333438416122,55.57081081781259,58.350866381494306,50.77386705756265,52.47562260370509,52.03676329076157,54.05290423279582,57.57326725432848,54.05290423279581,0.3506337433915381,0.9503467626244742,0.9630765175007345,3.8538193339095246,2.2176418353919516,3.853819333909524,0.969552,402.5908796866925,332.25060534951706,395.66393799193474,370.08792120146165,13.51819088186593,11.22721790872063,11.216717757466006,167.1,374.79922428841405,447.62341079620575,424.5989823170988,318.18602212862805,379.99521423382026,354.75447381696074,197.60839078305696,236.17428444907767,233.03985884103633,1353.964621086003
c0059,20140806,56875.27363,False,06:34:02.112,06:34:44.588,1.53882,0.14235176769165808,0.004183295579942476,3.4555615903869907,0.71,6:34:1,0.12,6:35:5,0.9459771512982771,6.649361917247715e-10,2.794284385458184e-09,1.3790310902307519e-08,0.016532849280627586,0.02424300434420665,0.013246977827357316,10.803333333333335,104.0,2.7605,0.27329355478286743,0.37662328221532865,0.25428079714942586,0.29997996714854147,0.021032539665871944,0.014003264079644412,0.015862412440462458,52.577090834666855,57.26009980271185,50.57142857142858,52.19244953255872,51.91255152156105,52.94408331509984,58.68208817202446,54.14985436701818,0.0,0.58352152396566,0.6206619881513316,2.411542103836684,1.9205341659445785,2.088456724218339,0.981574,385.1073503073538,334.18388848419164,395.71237501164944,371.0596641528601,9.610349897389039,7.966534889626803,8.175424092811177,153.5,376.5695080290658,447.586412212117,425.1230043802903,321.22737481426725,382.1402363644107,357.68884421659754,196.34016192712437,232.8533195673045,229.61335762368464,1386.5909609819003
c0060,20140806,56875.27422,False,06:34:53.096,06:35:35.572,1.53772,0.13298651981720688,0.004089922839672837,3.4571930476142843,0.76,6:35:35,0.12,6:35:5,0.9517698356147138,5.936373701742441e-10,2.4946628785532443e-09,1.2311623280267398e-08,0.014760088698106693,0.02164351034448509,0.011826549942770935,10.28888888888889,103.0,2.7635,0.29124367237091064,0.3346764309618738,0.22635272899675943,0.26750732248369735,0.026170633236053925,0.01606480691597227,0.02015292346860357,54.11043087605416,56.14814735467271,50.822097369110324,52.530378431163584,52.10437884250046,54.05290423279582,58.68208817202446,56.36749620241014,0.434171093456984,0.9446922851636185,0.8434095648868642,3.8538193339095246,1.9205341659445785,3.8245945479607024,1.001381,375.5460251449453,353.95238091924773,412.27398393899017,388.4508040046955,12.840836453216689,9.987876237688914,11.319839384616083,145.5,411.69704813042216,476.87173920130243,455.7905120972832,359.84483314233074,414.84859858730624,392.3877528915422,199.91102930282528,235.05424015058742,231.81059350216205,1467.4987310821548
c0062,20140806,56875.27545,False,06:36:39.703,06:37:22.179,1.5355,0.12633719382634653,0.004383955843435361,3.3526431138877557,0.8,6:37:6,0.17,6:36:36,0.9276871321791311,9.012592076385094e-10,1.2469186213916318e-09,6.807157780046153e-08,0.04007952711615959,0.0243870138537479,0.007846256631205847,9.260000000000002,103.0,2.7316,0.3050907254219055,0.3029430712367736,0.2048197931676686,0.24254039739100602,0.03022510921563764,0.01857429509869045,0.021792523608663336,53.95327161766259,52.67163104744902,51.004583435363394,53.16194316294696,52.59742113880567,55.25867528471416,58.68208817202446,57.57326725432848,0.7502462318806871,1.3865062677790627,0.8976570528436038,3.2747627853223062,1.9205341659445785,2.2176418353919516,0.995461,368.4079099478246,369.89395885531206,426.0765282188552,402.73717851846953,15.865039840553953,12.618399937685332,13.144029862211319,119.9,442.9702214067017,504.18480954427093,484.5410151615971,390.4022599933818,442.36063555410095,420.9445904801118,208.794620591019,241.4580407848706,239.5476857483362,1531.58603096561
c0064,20140806,56875.27664,False,06:38:21.897,06:39:04.374,1.5335,0.13845171926174965,0.0045796475509809155,3.336690313324161,0.73,6:38:37,0.17,6:38:7,0.914796446670718,2.2726217395926952e-11,0.0010152690597528236,0.001163483521030608,0.050886965038706,0.020750024578889824,0.011387811108176441,9.774444444444445,104.0,2.6925,0.2837836742401123,0.3601853695681261,0.242591456286745,0.2866784178157993,0.027709085562122232,0.015674536579657682,0.019304715473236884,54.323439470366594,56.14814735467271,50.741311707844076,52.43547527056588,52.27096110896345,54.05290423279582,57.57326725432848,56.36749620241014,0.29424622362079406,0.7962292625796445,0.7983474994488572,3.8538193339095246,2.2176418353919516,3.8245945479607024,0.97408,379.47518113460615,341.8606640581919,402.50939002960433,378.0669012631867,13.021977844709863,9.283205020380535,10.3297179948166,130.8,391.774478691755,460.65814411789336,438.71607045401106,337.0471083924349,395.59727408387454,371.6586552596739,199.4876283997466,235.854002706772,232.93586665233727,1419.0644627275537
c0065,20140806,56875.27723,False,06:39:13.082,06:39:55.558,1.53254,0.13475967341476963,0.0046321481616965554,3.5897415053986745,0.75,6:40:9,0.13,6:39:39,0.943538154968287,4.793705633850674e-10,9.563796954234101e-10,2.009578076062524e-08,0.015018703365167627,0.034240754527504816,0.0072023656075096325,9.260000000000002,106.0,2.7107,0.2879798412322998,0.356177001360265,0.24108908751785849,0.28354969096478294,0.02099295385000509,0.012261029583930029,0.015899440485295745,53.968033362642075,56.14814735467271,50.776232030541195,52.35137171900456,52.14956476564399,52.94408331509984,58.68208817202446,54.05290423279582,0.3547299967489007,0.6608880358995147,0.7413918797201884,2.411542103836684,1.9205341659445785,3.8538193339095246,0.969806,377.2575710789539,343.6208048061159,403.3181813256698,379.6589054421679,9.93645397695946,7.354184021492822,8.594737274306368,140.1,393.14095009722064,459.9676759222981,439.25660517091353,339.22872415792676,397.13032081343704,373.8374308318238,198.29174836194608,231.74668774037883,230.3229770688215,1451.3900016584612
c0066,20140806,56875.27782,False,06:40:04.395,06:40:46.871,1.5316,0.13475967341476963,0.004382540197012224,2.7712763862917247,0.75,6:40:9,0.15,6:41:10,0.9357921221598233,6.423093263090557e-11,2.1607096822528896e-09,5.572977978269748e-07,0.008548381475142579,0.03849133095160886,0.017167605890686895,9.774444444444445,103.0,2.6983,0.3176501989364624,0.32733361885902074,0.22110487036579243,0.2621637335307283,0.028846149979530028,0.01854773712452411,0.022232059391421703,51.7214667755279,52.67163104744902,51.510865952276816,53.37465014816313,52.91700908394354,52.94408331509984,57.57326725432848,55.25867528471416,0.9997821497719424,1.5375584247998462,1.1282552167731341,2.411542103836684,2.2176418353919516,3.274762785322306,0.913887,362.09420531897365,357.60328862942043,415.61404346239135,391.48808821696315,14.436624984497653,11.807403770935547,12.74325432740014,172.3,412.40231669227705,478.3290791403772,456.83080083021616,354.331514042835,410.16728732156264,387.2969770795136,210.55674306264018,245.6669628104716,241.96003729072885,1451.3900016584612
c0067,20140806,56875.27845,False,06:40:58.738,06:41:41.215,1.53064,0.13298651981720688,0.004322457609755828,2.773798233256974,0.76,6:41:40,0.15,6:41:10,0.9371940048529876,6.282854657097057e-11,2.113533827663165e-09,5.451300364245977e-07,0.00836174038922476,0.0376509304818684,0.016792776969520445,9.774444444444445,106.0,2.6798,nan,0.3245528804591832,0.2217796379949441,0.2603339986050973,0.018105233847597043,0.011736479177259639,0.014294436201543253,nan,51.46062707686444,51.097359277153224,53.07633771066551,52.956610305669614,52.94408331509984,57.57326725432848,52.94408331509984,0.9109387035756359,0.9123439301822418,0.9517736854932936,2.411542103836684,2.2176418353919516,2.411542103836684,0.9769,nan,358.7447560153935,414.9893569522411,392.3044419564036,9.059305018384551,7.416818338579711,8.169711011699805,167.9,409.4011372699791,473.7109109119898,453.1572163960203,348.6529595114305,404.7033854013247,382.3474668063933,214.02059061196843,245.71495028163426,242.80051898826287,1467.4987310821548
c0068,20140806,56875.2791,False,06:41:54.854,06:42:37.330,1.52968,0.13298651981720688,0.0044084404634559485,2.7732685090666913,0.76,6:41:40,0.19,6:42:42,0.9028528148719099,2.1273930658773492e-10,3.1645260589055034e-06,0.0005682287667815722,0.06814125455307471,0.008269345467796863,0.020165191601638717,9.774444444444445,104.0,2.6696,0.24718253314495087,0.32344181625599067,0.2197858895242764,0.2593994844896086,0.02875983603027025,0.016250377731933822,0.02057895257839364,54.190852771997,55.0137244086197,51.15473578490723,53.08675606344704,52.78783227098774,54.05290423279582,58.68208817202446,58.68208817202446,0.6917120034755363,0.9710421630199166,0.9019289186062646,3.8538193339095246,1.9205341659445785,1.9205341659445785,0.95219,399.73547563813054,359.5127633604319,416.3574152557949,392.98302169484356,14.402460165242745,10.31730664392259,11.75064815818745,178.3,415.8413514893756,480.6205079135251,459.92965089265783,359.902658466386,414.54652768299627,392.6112660014991,208.19721554592158,243.09817672498076,239.47027467313495,1467.4987310821548
c0069,20140806,56875.27969,False,06:42:46.084,06:43:28.560,1.52884,0.12325579885497225,0.004063725141113986,2.7741047676586326,0.82,6:44:44,0.19,6:42:42,0.914408667462754,1.8743353922077732e-10,2.7880993347716063e-06,0.0005006368148567994,0.06003571560274627,0.007285690232468869,0.01776650160040593,9.774444444444445,105.0,2.6627,0.2763383686542511,0.2799186079931858,0.19182663345503617,0.22618505382791837,0.022708921650590068,0.01224693913576087,0.01605308909153219,53.63335266528145,55.0137244086197,51.29779688027289,53.281606896693475,53.047240389573766,54.05290423279582,59.79090908972043,58.68208817202446,0.8007037535516789,1.0368981541873636,1.0311622647287626,3.8538193339095246,0.0,1.9205341659445785,1.012641,383.4592093073652,381.75036874654563,434.56861156266933,412.3727631303631,12.24962761018217,8.443295921353284,9.902368998690076,128.2,453.39102418722524,512.3635658773736,493.1752968123534,399.28202725789754,449.14437288739146,429.1892157036873,214.56908098490752,246.36861184948896,242.80183203030128,1563.4282358592473
c0070,20140806,56875.28028,False,06:43:37.410,06:44:19.886,1.52802,0.12325579885497225,0.004196585186280542,3.6166727462546824,0.82,6:44:44,0.13,6:44:14,0.9525432924985819,6.491997721110528e-10,0.004456888717627604,0.0018010714680823877,0.026659927945626306,0.000883237307511589,0.01365558141337042,9.260000000000002,104.0,2.6491,0.28863656520843506,0.3004859776007506,0.20571203488713552,0.24060185426284605,0.028140522995505766,0.015875218928518845,0.020465058067562478,53.38425753604621,53.85541101182941,50.78482563853005,52.66943855696401,52.34571450150727,51.7383122631815,58.68208817202446,57.573267254328485,0.3696145624059398,0.6125423531294095,0.5348227016649318,2.088456724218339,1.9205341659445785,2.2176418353919516,0.959574,376.9122604784019,371.0734381614832,425.36534206543445,403.81870829194213,14.52205846819803,10.44585782170835,12.139039221237171,156.3,446.9282872967028,505.2265478155053,487.54085918500135,399.3569867010227,449.06289524315275,429.09284848655346,200.6232635686946,231.48053024659572,231.42899035118407,1563.4282358592473
c0140,20140806,56875.32248,False,07:44:23.238,07:45:05.714,1.53805,0.16042818263663053,0.005327995939930553,3.143178461964869,0.63,7:44:28,0.15,7:45:29,0.9068466203749778,6.662833630435543e-09,5.652356492170437e-09,6.126017650732206e-09,0.019735881606740353,0.06283904703586128,0.010578432541212828,9.774444444444445,102.0,2.0749,0.3085584044456482,0.4375272695506372,0.29030447566588335,0.34286677491714573,0.03833126293421933,0.02516710419940796,0.02964595506850697,53.783861328565195,55.0137244086197,50.57142857142858,52.31069082907985,52.08830476738066,52.94408331509984,55.258675284714165,54.14985436701818,0.0,0.9127500408789102,0.9945613486782771,2.411542103836684,3.2747627853223062,2.088456724218339,0.945649,366.6500565637914,307.65179257018275,376.3036732103717,350.08929443409545,16.576128613763938,13.414296964368548,14.425950325978542,130.4,337.30932239301933,417.1754452399417,392.95002431765334,275.4692945494545,344.51210112295513,317.0533622259875,194.30547924941004,234.9588844867929,231.9062697217401,1255.115035070825
c0142,20140806,56875.32372,False,07:46:09.780,07:46:52.256,1.5404,0.13845171926174965,0.004589170047895929,2.710958251938317,0.73,7:46:0,0.18,7:47:1,0.8996983335712807,0.0008003580909000361,0.014080373821389526,0.0095598327524171,0.013042872592445034,0.04718160350676139,0.015636625664806263,9.774444444444445,101.0,2.0647,0.3134145736694336,0.3507804223376739,0.2361801209419137,0.2785862008613108,0.03374285611330246,0.02192552314889172,0.02521915199579167,54.019553775570785,53.85541101182941,51.163027830164424,53.35080713415012,52.954199810792936,52.94408331509984,56.4644463366325,54.14985436701818,1.0246799738505736,1.1814955592026786,1.0295139216007179,2.411542103836684,1.9205341659445785,2.088456724218339,0.966781,364.20728630876175,346.42751457781526,406.5177941430326,382.5570816557065,16.315875122591663,13.42105468085071,13.921510455301723,139.8,394.69924595814837,463.2898434270073,441.97359681453673,331.8367881744406,391.31816600527833,367.4670948413623,213.126834177225,247.5211008067083,245.20459549151133,1419.0644627275537
c0119,20140804,56873.29288,False,07:01:45.128,07:02:27.603,1.52027,0.11890559418950263,0.002878758275389812,1.9916286734705928,0.85,6:53:9,0.39,6:51:7,0.7340521024276101,2.2618366003007708e-11,0.013781868776408936,0.059996174228317066,0.16657084793740423,0.0010638299264126509,0.0245351766812287,14.91888888888889,113.0,2.9974,0.24737316370010376,0.2480293656034792,0.1759770973144122,0.20095557229148012,0.024787123288418752,0.018933396971933303,0.020075780262886686,56.71408864727476,60.47340542403716,52.559776634059425,55.018334075026104,54.236149550786315,56.36749620241014,59.71415351798589,59.71415351798589,1.898962156455032,2.2727045175435836,2.023016121968665,3.8245945479607024,3.0286431624782577,3.0286431624782577,0.911253,399.62521413524604,399.6458435607619,446.1483420599133,428.7127592896661,14.822304045282115,14.373123014515786,13.83783739492933,310.9,484.1425521554212,538.0348594358999,521.798763719011,416.96200612027593,463.42714884757936,445.7064655057626,245.04142322146987,272.2888166886322,270.4366730906105,1610.950436760485
c0121,20140804,56873.29448,False,07:04:03.598,07:04:46.073,1.51906,0.11890559418950263,0.0026215058394879216,1.994167555679389,0.85,6:53:9,0.39,6:51:7,0.7340521024276101,2.2618366003007708e-11,0.013781868776408936,0.059996174228317066,0.16657084793740423,0.0010638299264126509,0.0245351766812287,16.462222222222223,115.0,2.9694,0.2704325318336487,0.2397942459470424,0.16966368703225737,0.19445701331667992,0.007579847439116325,0.005187396729678142,0.005791140419809647,54.7650990779953,57.26009980271185,52.02436449520382,54.71513640042808,53.86112922665953,56.36749620241014,58.68208817202446,58.68208817202446,0.8449566097092548,0.9750067037234073,0.8310653803099016,3.8245945479607024,1.9205341659445785,1.9205341659445785,0.896647,386.66631472619844,404.0030860856361,450.28314890106657,432.62585746786004,4.493555365825658,3.924690043097736,3.957692722630574,220.3,497.2129569653927,548.2078989556942,533.1555164992214,434.703912437619,478.82918896860593,461.8982469554294,240.05307874960303,265.78215975006066,265.2620994316841,1610.950436760485
c0199,20150809,57243.27053,False,06:29:33.663,06:30:16.138,1.5315,0.12325579885497225,0.004902147837793628,2.9512165273611113,0.82,6:30:57,0.14,6:30:27,0.9468953477217699,5.148825778811799e-07,0.0295090805505024,6.369891180901553e-10,0.0005983220470239796,2.42177971414468e-09,0.02299673173935704,7.716666666666667,143.0,4.1494,0.23998470604419708,0.30989307781402875,0.21266880246680858,0.24711079207060482,0.027695095284544148,0.017505626091003652,0.020116184294058998,56.67651965400956,55.0137244086197,51.04043415063682,53.12507357657454,52.36195324408706,50.53254121126316,58.68208817202446,52.944083315099846,0.4700535087178412,0.5265490590227283,0.5204179867955542,0.0,1.9205341659445785,2.411542103836684,1.020068,403.93943200439486,366.2500844495345,420.9090636426985,399.99044542280325,13.996285274268605,11.251779950105599,11.698346680224208,111.2,421.9161625576995,485.8230841516684,466.8513474437417,364.99776861162064,421.5328273950128,399.7656115258703,210.76938564672156,240.81619714556737,240.26826995259245,1563.4282358592473
c0207,20150809,57243.27535,False,06:36:30.079,06:37:12.553,1.52504,0.16042818263663053,0.00997801331654295,3.2823332786738475,0.63,6:36:56,0.18,6:36:26,0.874858718150269,0.036314022156402254,0.04926076049042393,3.757711857923364e-09,0.005368159797033377,0.006662833630435544,0.02753550201772414,4.630000000000001,162.0,4.1275,0.2588561475276947,0.4920756152913168,0.3324591122807742,0.3824797295749285,0.020672065470554824,0.010789220444298397,0.014823610966697105,54.7029700172296,55.0137244086197,50.57142857142858,51.07544569081626,50.745644268721385,50.53254121126316,52.944083315099846,51.7383122631815,0.0,0.34099233572046184,0.19608940592243004,0.0,2.411542103836684,2.088456724218339,0.992722,393.0810616336042,284.71627670622263,354.7896303252882,331.4618923670919,8.409756124454308,5.1918236496735375,6.63544078153224,165.3,303.46899026063295,385.5677684955135,363.1044396649443,243.34703992413523,316.9204112475744,289.8705807197282,181.19774599972297,219.45853677588758,218.61521984815897,1255.115035070825
c0208,20150809,57243.27594,False,06:37:20.774,06:38:03.249,1.52432,0.16042818263663053,0.010640676874301203,2.9960554465761975,0.63,6:36:56,0.22,6:37:55,0.8234822734488841,0.07989084874408493,0.06157595061302989,1.0546855130642044e-09,4.041908553060424e-10,1.5536086000826002e-12,0.03505092573357086,4.115555555555556,162.0,4.1227,0.23438753187656403,0.4767329153712536,0.3224278876020167,0.3725328177073545,0.024154087427208634,0.015293070620306439,0.018186481394057475,58.84570855859447,55.0137244086197,50.57142857142858,51.1567319354057,50.711485106388075,50.53254121126316,55.355625418936526,54.14985436701819,0.0,0.3635579161949462,0.16132265401154236,0.0,0.0,2.088456724218339,0.992722,407.2654445966333,291.03402180302254,359.74342131315495,336.01155058537006,9.924156879807896,7.4987301451076815,8.250320667593858,165.3,309.68115529558855,390.2318481789385,368.27543835105723,246.9136799282435,319.9924856778205,292.7669418888015,186.7325720135274,223.16500749646895,223.28474709216823,1255.115035070825
c0210,20150809,57243.27711,False,06:39:02.661,06:39:45.139,1.52303,0.18716621307606895,0.009271572579626297,2.5126255018221,0.54,6:39:55,0.19,6:39:25,0.8265845057235782,0.06940702314041611,4.817663959158295e-09,7.593944884774939e-10,0.04327732031108299,0.003980696915406218,0.056750448332457876,5.658888888888889,156.0,4.1138,0.199545755982399,0.5019393503485088,0.3432535425233218,0.39562293020123795,0.014979156028220444,0.009043214696207787,0.009511306551018919,59.95623528007614,57.26009980271185,50.57142857142858,50.982147266871245,50.709955860647995,50.53254121126316,55.355625418936526,51.7383122631815,0.0,0.45804818435385414,0.23993630316281428,0.0,0.0,2.088456724218339,0.992722,429.2601290880341,280.67857054280637,349.58978707171383,325.5473063188559,6.0713775806311,4.292909161473849,4.2072054441515645,165.3,295.8891152515623,377.9655679081009,354.8400482339444,229.08087936005683,305.67207702407256,277.8560570923136,186.99979043709166,222.0617881001007,220.52264554490017,1103.810550076775
c0256,20150809,57243.31121,False,07:28:08.833,07:28:51.308,1.53163,0.11106566490228267,0.005828763331991828,2.8008657443488634,0.91,7:28:31,0.09,7:28:1,0.9786145359549497,4.841666573009781e-13,2.070111856304536e-09,3.2848055901691807e-09,2.720229629358853e-09,2.9084216162956287e-09,0.021385453060997272,5.658888888888889,157.0,3.9004,0.30365806818008423,0.251670316861264,0.17288179348515198,0.20169187791182464,0.023458198238191372,0.014425248067926338,0.01592940671120024,52.45402202987114,52.67163104744902,52.13398579286469,54.850487683770424,53.99044870007163,52.944083315099846,57.573267254328485,56.464446336632506,0.5816389889527736,0.9888228344525677,0.9346783755398858,2.411542103836684,2.2176418353919516,1.9205341659445785,0.94176,369.13752904948154,397.4435763678025,448.15776537101334,428.0088961927369,13.170532007288132,10.485258053151867,10.355458676281412,84.8,478.3741466156383,534.2872698449637,517.1495103754598,425.16356438310174,473.7915217205499,454.48328619467594,218.53319053038865,246.1834692787569,246.02010537681528,1705.1695465190498
c0257,20150809,57243.3118,False,07:28:59.637,07:29:42.113,1.53259,0.11106566490228267,0.004662569726102973,2.798059174247492,0.91,7:28:31,0.09,7:28:1,0.9786145359549497,4.841666573009781e-13,2.070111856304536e-09,3.2848055901691807e-09,2.720229629358853e-09,2.9084216162956287e-09,0.021385453060997272,7.202222222222223,150.0,3.9244,0.265761137008667,0.23498383628384506,0.16173177239599656,0.18841532977192346,0.03854087497180937,0.02599217193038785,0.029341585299141548,55.3802821095834,53.85541101182941,52.7119656768783,55.89779784961867,54.73159495891668,55.25867528471416,59.574669565527465,57.49651168259395,2.121275659118158,2.8823356466660695,2.330738654389184,3.274762785322306,5.080507448417787,3.708123781880941,0.911461,389.23384892720657,408.1912485603288,457.56993062174786,437.9522168172275,24.31485308413402,21.279742335865002,21.420931343042277,96.2,504.87519137266213,558.0413915169355,541.5977262071216,452.5224566114176,498.3049324884045,480.20482166457504,222.4438149167999,250.06364925595398,249.19353337887424,1705.1695465190498
c0258,20150809,57243.31239,False,07:29:50.476,07:30:32.951,1.53355,0.18716621307606895,0.0076955991896803565,2.4990206715040606,0.54,7:30:0,0.15,7:31:1,0.8779660914789895,1.9719760104012347e-08,0.059608384579416196,1.992389840736651e-09,9.06374066892493e-09,0.0015922787661624875,0.060833214399541195,7.202222222222223,161.0,3.9177,0.2655443847179413,0.5031013844880526,0.3341888675978854,0.3924287732548495,0.004654043757209824,0.001491723916808576,0.003511886891438122,55.909502155199405,53.85541101182941,50.57142857142858,50.967387316053866,50.57142857142858,50.53254121126316,56.464446336632506,52.94408331509984,0.0,0.477309140006563,0.0,0.0,1.9205341659445785,2.411542103836684,0.989412,389.3536515724787,280.1852026231537,353.9082614687102,326.9472585003233,1.8872187867314998,0.7214608220902642,1.563365916694927,93.0,294.68674956670526,381.9484105766926,355.4508747149054,226.58881841627328,307.18103208921497,275.7883200175284,188.29175857849552,226.8611601956838,224.16993571769407,1103.810550076775
c1080,20150514,57156.5682,False,13:38:13.592,13:38:56.067,1.57738,0.13845171926174965,0.006948424878892682,0.4429962519069118,0.73,13:39:28,1.25,13:38:57,0.3712917017237574,0.09983332270953361,0.07630572436397473,0.003001358491649673,0.17295964189167606,0.19648724023723493,0.08012101058217347,5.658888888888889,102.0,-4.1991,0.035645678639411926,0.21032510538785615,0.15106072631601525,0.16961778339557032,0.016416196510451522,0.014297142861441983,0.014286055375546195,100.87158393813155,130.47650377502845,60.30688840674411,63.76090681466124,62.95047387658731,61.8550397816433,62.82437674688086,63.8564420928423,3.559423675197893,4.463064081998583,3.985652233496705,2.064130691922877,3.32883678353119,2.8311053092906246,1.122386,617.4019034327335,422.3852517376753,465.16640811927823,450.6095356484399,10.734023983163498,11.918202034555076,10.912538622024849,124.9,497.0885453810247,549.0778246173436,537.1882335667424,362.10882589654244,415.4812360781352,395.56265614016615,339.52617859157687,358.154825351182,362.58286621817433,1419.0644627275537
c1081,20150514,57156.56881,False,13:39:06.219,13:39:48.693,1.57942,0.13845171926174965,0.006948424878892682,0.4420811188890009,0.73,13:39:28,1.25,13:38:57,0.3712917017237574,0.09983332270953361,0.07630572436397473,0.003001358491649673,0.17295964189167606,0.19648724023723493,0.08012101058217347,5.658888888888889,102.0,-4.2271,0.048780474811792374,0.20997895500396097,0.1506644613952956,0.1691380672270653,0.016207808760081415,0.014131168085363903,0.014557933840548083,106.76804233636486,115.61611165306957,60.23478443738892,63.87451030475896,63.10815530794625,61.8550397816433,62.82437674688086,63.8564420928423,3.6438424833659453,4.44535375332872,3.9925746920146916,2.064130691922877,3.32883678353119,2.8311053092906246,1.160326,587.6393924246456,422.60396982750854,465.48149107899883,450.9821641587165,10.651762873229563,11.801481655068775,11.11774000439993,202.6,497.3573775096206,550.0437741620633,537.7327367519306,362.6017187793615,415.59386927817883,395.7767445167783,339.3799834870026,359.51814278188476,363.1207774317168,1419.0644627275537
c1082,20150514,57156.5694,False,13:39:56.929,13:40:39.404,1.58134,0.13845171926174965,0.006948424878892682,0.44122262012111624,0.73,13:39:28,1.25,13:38:57,0.3712917017237574,0.09983332270953361,0.07630572436397473,0.003001358491649673,0.17295964189167606,0.19648724023723493,0.08012101058217347,5.658888888888889,102.0,-4.2273,0.04303000867366791,0.20927795918463082,0.1494282709062676,0.1689649191887008,0.01649500115185661,0.01410185736734269,0.014360674229469884,111.95009327026699,122.5007950524539,60.334832224041484,64.08242144165631,63.12020187385991,61.8550397816433,62.82437674688086,63.8564420928423,3.689302567834977,4.497580994951934,3.9566850796366357,2.064130691922877,3.32883678353119,2.8311053092906246,1.104421,599.7170488145888,423.0665255587379,466.4984010027669,451.1043319646165,10.83227852885092,11.86423214898437,10.993829574942378,261.2,498.56437183486287,551.4292322647427,537.8791130515303,362.9534965779761,416.3070269392789,395.9261130581414,340.76875070343,360.7937063510882,363.1945337128912,1419.0644627275537
c1083,20150514,57156.56999,False,13:40:47.664,13:41:30.138,1.58331,0.13845171926174965,0.006948424878892682,0.44034457697406243,0.73,13:39:28,1.25,13:38:57,0.3712917017237574,0.09983332270953361,0.07630572436397473,0.003001358491649673,0.17295964189167606,0.19648724023723493,0.08012101058217347,5.658888888888889,102.0,-4.2343,0.07951003313064575,0.2085177655174017,0.1493560233129595,0.1683183922752699,0.016759329398348462,0.014288539209461831,0.014819383555568876,82.92448929882602,88.42219087637368,60.42265674156016,64.11344180909225,63.1877542396547,61.8550397816433,62.82437674688086,63.8564420928423,3.735821847037918,4.53209333826056,4.044595077596207,2.064130691922877,3.32883678353119,2.8311053092906246,1.112883,538.019161078469,423.5689904001781,466.57031770279025,451.6125570884855,11.018611520766871,12.042124002354667,11.336409073432366,247.3,498.9065889377522,551.7259921860298,539.1781212244362,363.13692776115585,416.6617805311877,396.4000854620916,341.05551946628316,360.8085748736812,364.6143985545585,1419.0644627275537
c1084,20150514,57156.57057,False,13:41:38.450,13:42:20.926,1.58527,0.13845171926174965,0.007152619359716027,0.43947380524109414,0.73,13:39:28,1.25,13:38:57,0.3712917017237574,0.09983332270953361,0.07630572436397473,0.003001358491649673,0.17295964189167606,0.19648724023723493,0.08012101058217347,5.144444444444445,102.0,-4.2319,0.09032304584980011,0.20490697617628845,0.14771108215963968,0.16576622210873296,0.015446988559205246,0.012318622712670178,0.013456085512519905,80.38890006158564,82.52058661292955,61.63109998176976,65.27039341458253,64.41309865645997,61.8550397816433,63.8564420928423,63.8564420928423,3.4420528694319623,3.8530517533236366,3.6999347675574668,2.064130691922877,2.8311053092906246,2.8311053092906246,1.027382,524.2963763236503,425.8824454900908,467.81252972008633,453.4868689789105,10.254422582105468,10.298290528845136,10.381889725170758,202.4,501.2107334381552,554.2829874054927,541.1182067894781,360.82895588317984,415.1173168101254,394.20762960294155,347.133983263122,366.7352000718189,370.0120373254408,1419.0644627275537
c1085,20150514,57156.57116,False,13:42:29.311,13:43:11.785,1.58729,0.13845171926174965,0.007152619359716027,0.43857930142005225,0.73,13:39:28,1.25,13:38:57,0.3712917017237574,0.09983332270953361,0.07630572436397473,0.003001358491649673,0.17295964189167606,0.19648724023723493,0.08012101058217347,5.144444444444445,102.0,-4.2392,0.08307956159114838,0.20428511651790987,0.14662301089155433,0.16539980724195494,0.016325687129089824,0.01163130436327175,0.012969341299561038,79.85560986851999,84.03485212131316,61.69115856513398,65.49741609833964,64.34178247492113,61.8550397816433,63.8564420928423,63.8564420928423,3.547408935563621,3.8097134043433174,3.619693455169269,2.064130691922877,2.8311053092906246,2.8311053092906246,1.029711,533.3327593542148,426.3224689751267,468.68667750271754,453.7437502133914,10.842929912695661,9.815921752404835,9.994601293026179,152.4,501.27770804172695,554.9750831975257,541.8627113382265,361.2375793309929,415.9164927364984,394.69665678761953,346.750858440725,366.88592359123965,370.64120611961806,1419.0644627275537
c1086,20150514,57156.57175,False,13:43:20.089,13:44:02.564,1.58932,0.13845171926174965,0.007648311065231464,0.4058796368972293,0.73,13:39:28,1.33,13:47:37,0.3844155030331897,3.449100515266565e-10,6.852517579999798e-10,0.10964028127999674,0.2661060993566588,0.15532373181332873,0.08451438348666417,4.630000000000001,102.0,-4.2479,0.03485586494207382,0.1973410205229618,0.14146176775445757,0.15892178941076388,0.01761279858000209,0.015443475755253693,0.0156562035750564,116.56308003881546,122.5007950524539,61.343902225962324,65.14658126042107,64.106099286805,60.82297443568187,63.8564420928423,63.8564420928423,3.2478071299423363,3.689697042414054,3.397498887667477,1.787589615936362,2.8311053092906246,2.8311053092906246,1.060989,619.4729929660715,430.9981708207609,473.26799556318304,458.8980338718211,11.788088248690837,12.979820831628558,12.165134946976977,177.4,507.7881266883199,560.7279284926227,547.6919000413436,374.41783962328424,427.7809623134861,407.7720517375135,342.2804438326539,361.97960942411567,365.07387013377604,1419.0644627275537
c1087,20150514,57156.57235,False,13:44:15.186,13:44:57.661,1.59149,0.11485199438758778,0.006088989683585228,0.4050211819150401,0.88,13:48:8,1.33,13:47:37,0.32761670281836436,3.767342400909827e-10,7.484786226973167e-10,0.11975657963157064,0.2906591984807913,0.16965515447805843,0.09231236346600238,5.144444444444445,102.0,-4.2508,0.04665600508451462,0.11299375389851778,0.0827743247550575,0.09239116054254215,0.010311610342043783,0.008651144487228535,0.009040058401517101,94.35588613447894,113.96829181667859,71.60345592095359,74.96901312863179,73.86978521502621,67.64668260441564,76.39754505823362,73.9233672442551,3.808437297899874,4.102006959707119,3.8216068207367653,4.504911863717983,6.045814088407417,5.043994052059779,1.112217,591.9551683269289,499.54217556797306,534.0745056927497,522.1210518770963,10.598178351277953,11.275376933024763,10.83621278532278,168.4,620.9931274308699,663.5636177151911,653.7679463452384,465.1107562570464,509.23046547606555,492.83892422823277,410.2103777502824,424.49665750447645,428.51184900431247,1658.1938533398495
c1088,20150514,57156.57298,False,13:45:05.962,13:45:48.436,1.5937,0.11485199438758778,0.005928368172385004,0.4041229206400768,0.88,13:48:8,1.33,13:47:37,0.32761670281836436,3.767342400909827e-10,7.484786226973167e-10,0.11975657963157064,0.2906591984807913,0.16965515447805843,0.09231236346600238,5.658888888888889,102.0,-4.2567,0.04049402102828026,0.11742631316673109,0.085842838091086,0.09524060547058673,0.00803017854106456,0.006556304172985659,0.007413849020868828,97.20405005984315,118.31148787859723,68.91216411159691,72.81818539978622,71.97502211477348,67.74400306618617,72.13452904388073,71.04994842958908,3.4256815834026377,3.981448468553702,3.6900666650016287,2.667948060022186,5.600182873527142,7.679861371714505,1.115367,605.4793310473992,494.94877269667916,529.9455762953262,518.6253823953532,7.893702863813283,8.352329088933265,8.58824855613707,142.0,621.4122526683841,663.1517975122733,653.9999961539272,472.5667756345624,515.6290652896447,500.0104412923583,401.6494771667762,415.49155273221305,419.9183877719877,1658.1938533398495
c1089,20150514,57156.57356,False,13:45:56.898,13:46:39.373,1.59595,0.11485199438758778,0.005769534661381332,0.40321172224453206,0.88,13:48:8,1.33,13:47:37,0.32761670281836436,3.767342400909827e-10,7.484786226973167e-10,0.11975657963157064,0.2906591984807913,0.16965515447805843,0.09231236346600238,6.173333333333334,102.0,-4.2556,0.05571431294083595,0.10887314485139624,0.08130286909861059,0.08978154361994828,0.005041138158119056,0.004826072863288696,0.005302809978767345,96.30962948206064,101.68861981789061,70.85496407765123,73.9027145341244,72.99898154529627,70.50217823179808,73.99623420691223,70.50217823179808,1.5843732805480244,2.000959664241817,1.4089821581143922,2.9734527143366636,3.8292850405805186,2.9734527143366636,1.182988,574.5650828494317,503.4916996155948,535.6637638843297,524.9736670660103,5.157164374548167,6.186656277735361,6.298889732146288,185.1,640.1534618027,680.0878720658127,670.7367760751978,500.2252799913141,540.4921335590825,525.7509319927735,397.00505373475994,410.7069570572518,414.4253791974861,1658.1938533398495
c1090,20150514,57156.57415,False,13:46:47.580,13:47:30.055,1.59812,0.11485199438758778,0.005928368172385004,0.40233608041465646,0.88,13:48:8,1.33,13:47:37,0.32761670281836436,3.767342400909827e-10,7.484786226973167e-10,0.11975657963157064,0.2906591984807913,0.16965515447805843,0.09231236346600238,5.658888888888889,102.0,-4.2535,0.05296476185321808,0.11672368119929312,0.08603899618598891,0.09463385254959075,0.008345396721179375,0.00697834741997157,0.00809417079555385,92.68278702306469,104.1392995592222,69.06450751474475,72.56078102095678,72.0649719217646,67.74400306618617,69.21630503577441,71.04994842958908,3.594431432647925,4.194278982143277,4.156996282821068,2.667948060022186,7.799024785436177,7.679861371714505,1.083799,579.5784884544045,495.6603933795443,529.7339998281695,519.3862054281062,8.23836042559946,8.910645889951008,9.468629935632908,180.8,623.2744917100276,664.7756498641323,655.4379166440655,474.0075323824358,516.5483278540283,501.12654807480726,402.8420815309053,416.84230727955116,420.8450145557754,1658.1938533398495
c1091,20150514,57156.57474,False,13:47:38.441,13:48:20.915,1.60033,0.11485199438758778,0.005928368172385004,0.401447469391657,0.88,13:48:8,1.33,13:47:37,0.32761670281836436,3.767342400909827e-10,7.484786226973167e-10,0.11975657963157064,0.2906591984807913,0.16965515447805843,0.09231236346600238,5.658888888888889,103.0,-4.2716,0.05044000968337059,0.11552175782115828,0.08573736538144575,0.09411011578898226,0.007751538873919839,0.005976717115998655,0.007139752237304888,106.12271342421529,112.85637945416572,69.34503061322766,72.59684765280926,72.02862078666114,68.6608247630935,71.33537950307085,69.33397719187185,3.7056176387348763,3.9477720181254004,4.088695018535272,3.12024473360414,4.282414469534635,6.672426632508752,1.081724,584.3759653457689,496.82520734270287,530.0340471738716,519.9255683113707,7.704976970999322,7.591249386452724,8.33174027144369,94.4,624.2992780925933,664.834194492187,656.1045441787052,474.56405126644955,516.3968312054175,501.8188616512525,403.6494687817084,417.073852725582,420.97993100080953,1658.1938533398495
c1092,20150514,57156.57533,False,13:48:29.133,13:49:11.607,1.60254,0.11485199438758778,0.005908387466664956,0.39000853640391264,0.88,13:48:8,1.42,13:49:9,0.3510316276792986,9.486580843141516e-10,5.71350891689205e-11,0.1633201133790841,0.2511787882331788,0.15092287704997867,0.08354659265266676,5.658888888888889,103.0,-4.2676,0.04719723388552666,0.12082875810431379,0.08938491217404369,0.09908124219735781,0.007516813163549042,0.006471573331322007,0.007308346560167735,108.495447716553,117.77734750788444,68.05224784241804,71.24128776056168,70.40656511682525,66.71193772022473,68.41715549496452,69.33397719187185,3.890956222333984,4.49247518308341,4.160807013270252,4.2671275856099635,6.567923440758394,6.672426632508752,1.090114,590.840347333934,491.6073081213233,525.5439470048432,514.2280341976453,7.3191008577250685,8.04911645234127,8.309071779895737,191.1,612.956697914242,655.5328018924235,645.4428435762502,472.25304172889963,514.4891316893422,499.5818995332316,388.9479501694901,404.749087352816,407.2118169150128,1658.1938533398495
c1093,20150514,57156.57592,False,13:49:20.494,13:50:02.968,1.60492,0.11229972784564136,0.005936299095952651,0.38908706588774394,0.9,13:49:40,1.42,13:49:9,0.3435674881424967,9.595691188360878e-10,5.779223102080984e-11,0.16519854716325832,0.25406773260091875,0.1526587234511958,0.0845075076247691,5.144444444444445,103.0,-4.279,0.03628035634756088,0.10916615709853474,0.0814483373997787,0.08940397050563281,0.008655821889181483,0.006890012245073982,0.007356479245433014,113.85809095432741,130.9588584839128,70.69772216707065,73.70630580175084,73.11442836921556,67.74400306618617,73.9233672442551,73.9233672442551,4.057085652321522,3.82742453326517,3.87016164997968,2.667948060022186,5.043994052059779,5.043994052059779,1.100208,615.765673696502,503.38406546722206,535.6406524925205,525.5853916400572,9.250472855628729,9.158629764988214,9.079784477241743,114.9,626.8575953574713,667.1297051546652,658.0028579974826,476.5525584298832,518.2591552829778,503.4342159538551,406.0050233982236,419.14541821696224,422.6478652552054,1689.5400797588447
c1094,20150514,57156.57651,False,13:50:11.314,13:50:53.789,1.60722,0.11229972784564136,0.005563205771912876,0.5772997211631073,0.9,13:49:40,0.75,13:50:41,0.282382658457875,1.951751865881371e-09,1.7600619504823077e-09,0.03816371952035894,0.09532216702117051,0.4757395173085841,0.10839193398019754,4.630000000000001,103.0,-4.2705,0.03412453830242157,0.07954726284955425,0.0605085020639462,0.06584177358842916,0.01431014623079273,0.01077078558242458,0.011601432090700045,96.63034208845643,118.31148787859723,80.61839255711915,84.062889209745,83.03021144346226,85.61603292879683,90.43513484512886,89.71752760365905,9.42013420890202,8.942818182860675,9.026472861258311,8.669157814482604,10.976519469503549,11.049251049021715,1.146571,621.4266548806854,539.2719492820671,567.5072862762362,558.9147329655777,19.536958985812785,18.26186968191612,18.468701785697995,210.0,693.3321702608943,728.7806588267769,721.4655121350943,493.7451360240643,532.5085444526871,519.539649068313,485.83154865072237,496.760770992204,499.8335012192037,1689.5400797588447
c1095,20150514,57156.5771,False,13:51:02.125,13:51:44.600,1.60961,0.17731535975627585,0.008355012032690562,0.6464888926328235,0.57,13:52:44,0.64,13:52:12,0.13560504144918425,5.084676167899863e-09,5.6013010191838055e-11,4.867149914727677e-09,0.08945767161706175,0.6389833686932983,0.13595390823261666,4.115555555555556,103.0,-4.2648,0.020181328058242798,0.24299930156437963,0.17899058950645233,0.1980873699774651,0.026576391465842595,0.017826047110717416,0.02020859517557821,85.87618890038733,161.95601944766418,64.18487700786478,67.19267913705289,66.26498752871167,63.8564420928423,66.47848156448941,64.61321494725522,3.8083593990323616,3.840677324395093,3.896485587583514,2.8311053092906246,7.021573975887254,6.202394237067722,1.200122,667.999293683961,402.63623235464456,443.858882800233,430.6199423624135,15.70976306805626,12.974323638809846,13.662690604900487,207.7,469.232833147704,521.9172234331043,509.3340120348065,291.3570590781057,351.7215476209259,331.5873832334977,367.5081586817017,385.27607040277275,386.359790601432,1154.6812682478323
c1096,20150514,57156.57769,False,13:51:52.933,13:52:35.408,1.612,0.17731535975627585,0.008355012032690562,0.6449559684937726,0.57,13:52:44,0.64,13:52:12,0.13560504144918425,5.084676167899863e-09,5.6013010191838055e-11,4.867149914727677e-09,0.08945767161706175,0.6389833686932983,0.13595390823261666,4.115555555555556,111.0,-4.2737,0.03476245328783989,0.2369827324598992,0.17332069607400452,0.1923702549809174,0.032027579200092034,0.019701358729762655,0.022703946280884107,125.99985070189172,142.48802429247007,65.53313266949621,68.81920705118957,67.62197180010087,67.2776311052993,68.24696807053687,69.2790334164983,4.36523789150186,4.5267364833358235,4.361236286570103,8.371872618577036,8.148382264286562,7.220609343049245,1.244431,619.7205861926426,406.4886888702624,448.1306293021984,434.6550883025284,19.347042062781657,14.727714559327408,15.653208748377754,278.7,475.3135115274473,529.3497004654241,517.2771701487145,292.43402427859644,352.57756210458507,332.1855220963383,373.93608110266024,394.1792241745084,395.8966611961819,1154.6812682478323
c1097,20150514,57156.57827,False,13:52:43.745,13:53:26.220,1.61437,0.17731535975627585,0.008388128880927622,0.6505902136563331,0.57,13:52:44,0.64,13:53:44,0.1354071537661162,1.3629979460031982e-10,2.8837880693880045e-10,5.359492921409782e-07,0.15207901233848062,0.5658753947478348,0.1466379027735976,4.115555555555556,122.0,-4.2783,0.046582046896219254,0.23249462847807514,0.16982016353194096,0.18696108884038387,0.0321110201521492,0.02243447835560023,0.025614997395511666,110.04117786778569,117.77734750788444,66.0818179167262,69.75117354496984,68.95230230216359,67.51054691045086,73.54812218939308,71.01733042097459,5.382468207727925,5.374563156904534,5.3216542885428595,6.220446457789935,8.98775962853512,7.975852456893607,1.147711,592.1083481721183,409.18935537327775,450.92116892938293,438.5952780717872,19.404040025949403,16.80842660972089,17.766360781245456,162.0,484.2129714094117,534.730205607094,523.45311885552,292.4500908695655,352.43826999114367,331.80912107376116,385.40687421871996,401.69657488812953,404.4542951923909,1154.6812682478323
c1098,20150514,57156.57886,False,13:53:34.554,13:54:17.028,1.61684,0.1630157339694794,0.007419614037075591,0.649027365695103,0.62,13:54:15,0.64,13:53:44,0.028881575944687838,1.5309314934525763e-10,3.239096572973515e-10,6.019830423356437e-07,0.17081650795209383,0.6355963086589538,0.16470500498421928,4.115555555555556,124.0,-4.2678,0.035687051713466644,0.19996233063726548,0.148162782510825,0.16175360428828747,0.02198020100171116,0.016071989901702312,0.01845000810796175,116.2235751033633,131.91827686684837,69.94978889557451,73.31512652509974,72.67017690656985,70.24837038173585,76.26748212281073,75.5255285547666,4.232281535364181,4.270252706120437,4.4059220562981105,6.67570334744406,7.5105212577535765,6.430739411308573,1.09372,617.2944783347058,429.44424694315376,467.65253571033236,456.84351451320134,14.756886116500171,13.292577355282559,14.203256886337412,205.8,521.0157365401226,568.274216955853,557.6441437500519,307.1742914399514,364.2913248006355,345.43189009479465,420.2319675587938,435.5771991954008,437.2311002602844,1238.4908872225253
c1099,20150514,57156.57948,False,13:54:27.908,13:55:10.383,1.61945,0.1630157339694794,0.007985232571277477,0.7687045215959085,0.62,13:54:15,0.52,13:55:16,0.26174271329324106,4.767330730479367e-09,1.1902111415550525e-10,2.0658433165410586e-06,0.020561140701523255,0.6064563582310487,0.11123771704451857,4.115555555555556,124.0,-4.2872,0.02895127236843109,0.1948933355197446,0.1411354926518102,0.15604677823136767,0.026976068552163293,0.01705770382772932,0.020232253169176744,108.56757950577364,128.5289839885817,68.60810612430407,72.62465167958469,71.6693307157208,69.0159281097756,73.54812218939308,72.67610568592605,5.0825127853916845,4.806366053807186,4.8986853203484815,9.4086841564325,8.98775962853512,8.978467407688623,1.148291,636.370152318864,433.2130401053107,473.7162583768307,461.5256195587168,18.7990820750613,15.029396396440518,16.43202544587605,155.3,515.8943389236083,564.7986200257434,553.3197146745749,317.43075541352897,373.1370380358834,354.14777299038974,406.0427182004965,423.42356521656524,424.5675078824887,1238.4908872225253
c0072,20140704,56842.28216,False,06:46:19.515,06:47:01.990,2.06929,0.12325579885497225,0.0057242642275240506,0.666877209739009,0.82,6:48:6,0.81,7:8:8,0.05259570560859429,0.012678729091698615,0.15385424066330905,0.38463560165827265,0.24014286241098504,0.09870278666892182,0.05739007389821846,16.462222222222223,126.0,4.6344,0.053841445595026016,0.10988530493829977,0.08563498977059997,0.0904025635597182,0.016865509756438964,0.011891171612905453,0.013821235413943393,114.58730148934448,125.0478615521102,71.32824981136321,74.66339785882971,73.5184581170314,73.1242177034452,74.79538374772213,74.82943547818499,4.57652656158991,4.0671674598535414,4.6555233916677805,3.9087082165303726,4.840821915812179,4.2823559877444435,1.06935,577.9570233629001,503.2918173674466,530.7183239115973,524.9971760666145,16.475129633013196,14.267892927235158,15.72688667757942,273.6,665.6714502808306,705.9172335137163,696.3256338579852,473.2908534876898,509.0060655981076,500.96416590923013,461.2835188634393,481.51645693935575,476.7064768405874,1563.4282358592473
c0073,20140704,56842.28275,False,06:47:10.231,06:47:52.707,2.06132,0.12325579885497225,0.005808835949526968,0.6710075132435872,0.82,6:48:6,0.81,7:8:8,0.05259570560859429,0.012678729091698615,0.15385424066330905,0.38463560165827265,0.24014286241098504,0.09870278666892182,0.05739007389821846,15.433333333333334,121.0,4.6274,0.028495417907834053,0.11411804732028609,0.08886062151264057,0.09447613588694206,0.02066790330892328,0.015911735959581855,0.017806353488379847,139.99061313905315,166.94044372182688,70.96962521228212,74.20882593144084,73.0753407276822,72.29101643217243,74.56226434807093,72.90348908311947,6.491447960124941,6.694963976047778,6.951040461305113,2.9599445607637476,7.632281577484623,6.892785661131488,0.90817,637.7942092788115,499.3563197706753,527.2296533157489,520.6730530447265,19.682678527320643,18.539374470649726,19.739698659287615,236.4,664.7234837200339,705.2047629761375,694.6063600427786,475.2023784990693,511.8971286059521,502.4065574323123,457.52380084247125,476.82529452460847,472.2139042841867,1563.4282358592473
c0074,20140704,56842.28334,False,06:48:01.09,06:48:43.484,2.05343,0.12325579885497225,0.00585095992528743,0.6751374607887649,0.82,6:48:6,0.81,7:8:8,0.05259570560859429,0.012678729091698615,0.15385424066330905,0.38463560165827265,0.24014286241098504,0.09870278666892182,0.05739007389821846,14.91888888888889,106.0,4.6284,0.060809262096881866,0.11573334727856065,0.09046070729084031,0.09576228513253093,0.020175039112302697,0.014821599766101716,0.017641669007131575,102.72191801671525,116.70173276298861,70.80636764052433,73.73809757916992,72.93407268064112,73.99623420691222,73.95741897471797,75.56434378696085,6.184244946052134,5.931689308460149,6.467448144081969,3.8292850405805186,4.517330995648658,5.957333371485241,1.042531,565.7921218326117,497.6332929088755,525.0607795991612,519.0938614793837,18.89544552810744,16.82572110949161,19.105080789761146,365.6,653.5682636000383,696.2046319115443,683.5075582330672,462.3769543572752,499.4413186401284,489.8902101649721,454.09822546595615,476.0382075846512,468.63219645804463,1563.4282358592473
c0075,20140704,56842.28393,False,06:48:51.788,06:49:34.263,2.04563,0.12325579885497225,0.00576659137829399,0.6792610553825614,0.82,6:48:6,0.81,7:8:8,0.05259570560859429,0.012678729091698615,0.15385424066330905,0.38463560165827265,0.24014286241098504,0.09870278666892182,0.05739007389821846,15.947777777777778,107.0,4.6193,0.09121348708868027,0.11731077454270526,0.09164224576744344,0.09731430457056503,0.017920418530959596,0.0137678461330829,0.015629250406974663,95.46123633379999,95.94599625819286,69.88127122297527,72.89993533811275,71.90818583368234,73.1242177034452,72.29101643217244,73.99623420691222,5.15986622170948,5.057895407974316,5.293190547540749,3.9087082165303726,2.9599445607637476,3.8292850405805186,1.007296,523.2256737845565,495.8054226062151,523.4798351985519,517.0052201755584,16.76536359820389,15.500742337079828,16.790769260661733,327.9,651.9256497456693,694.7054929701687,682.4758366822628,463.1522991171472,500.2406993916936,490.8080340857182,451.28143233860203,473.39007522932656,466.6813701076389,1563.4282358592473
c0076,20140704,56842.28451,False,06:49:42.578,06:50:25.052,2.03795,0.12325579885497225,0.00585095992528743,0.6833613480907971,0.82,6:48:6,0.81,7:8:8,0.05259570560859429,0.012678729091698615,0.15385424066330905,0.38463560165827265,0.24014286241098504,0.09870278666892182,0.05739007389821846,14.91888888888889,109.0,4.6091,0.08289807289838791,0.1158489304404795,0.09063788103299886,0.0959069943432364,0.018738616634349097,0.013381380522162947,0.01605311287896132,95.94358344090224,97.25144396915718,70.02709265181726,73.3315085629439,72.12462192495872,73.86009851294743,73.92336724425509,74.75656851552785,5.431958213209987,5.030220368684878,5.5612832099649205,5.898470003646732,5.043994052059779,5.407259062853453,0.982655,533.567118311843,497.3867657876655,524.6831905876805,518.733859638215,17.915533424782424,15.544486484266852,17.750089785578034,222.0,650.1527896108925,692.6306197910612,680.7484979468842,462.2138766313474,499.1035819054462,490.1775376026216,450.04059066277597,472.17387985565045,465.16044974610367,1563.4282358592473
c0077,20140704,56842.2851,False,06:50:33.374,06:51:15.849,2.03033,0.12325579885497225,0.00576659137829399,0.6874695066471157,0.82,6:48:6,0.81,7:8:8,0.05259570560859429,0.012678729091698615,0.15385424066330905,0.38463560165827265,0.24014286241098504,0.09870278666892182,0.05739007389821846,15.947777777777778,91.0,4.6006,0.0554467998445034,0.11716923310888018,0.09100569944971804,0.09674648053663817,0.016397229992405962,0.011488026875102775,0.01354895110436459,114.56524126274263,119.89963260248508,69.83179098887977,73.2209394661014,72.01499862584306,74.82943547818499,73.92336724425509,75.62858501899488,4.558637591019906,4.35249408603431,4.5944680589128515,4.2823559877444435,5.043994052059779,5.077105561014538,1.032098,575.0437537561755,495.7921305308902,524.0005607091648,517.414039910841,15.355524387504843,13.280980579718634,14.70250620268979,196.6,652.0616098057269,696.1788581138076,682.7935711746095,464.2349562911574,501.7732531551686,492.00407510566504,450.1779208506708,473.7584310045595,465.7638390800345,1563.4282358592473
c0078,20140704,56842.2857,False,06:51:24.711,06:52:07.186,2.02275,0.12325579885497225,0.00576659137829399,0.6915960664118044,0.82,6:48:6,0.81,7:8:8,0.05259570560859429,0.012678729091698615,0.15385424066330905,0.38463560165827265,0.24014286241098504,0.09870278666892182,0.05739007389821846,15.947777777777778,91.0,4.5899,0.10319879651069641,0.11814034657399469,0.09201856752257737,0.09804141524179978,0.016203840989949158,0.011294143659214504,0.013323865222983618,88.53068062369671,90.53616721256375,69.80432401438445,72.67746381583692,71.63590204092007,74.82943547818499,73.92336724425509,73.12421770344521,4.64663901701369,4.078217467853858,4.432183016689939,4.2823559877444435,5.043994052059779,3.9087082165303726,1.032098,509.5594000129156,494.8089293406568,522.7575253191671,515.8980097824036,15.095837961661635,12.963911455453447,14.325666913885799,196.6,649.5142096785484,694.1595289386833,680.3278363375554,462.70778814545685,500.36479656497056,490.4939270521344,448.10206015326906,472.3258754580273,463.8423994286094,1563.4282358592473
c0079,20140704,56842.28628,False,06:52:15.368,06:52:57.846,2.01534,0.12325579885497225,0.00576659137829399,0.6956691275223269,0.82,6:48:6,0.81,7:8:8,0.05259570560859429,0.012678729091698615,0.15385424066330905,0.38463560165827265,0.24014286241098504,0.09870278666892182,0.05739007389821846,15.947777777777778,109.0,4.5871,0.08535340428352356,0.12075039353331801,0.09407991744038352,0.10005029232042112,0.01831980834744387,0.013179464654889386,0.01542177528598059,91.37751143653712,92.60189689042417,69.02773013497145,72.28540422019447,71.0890970334724,73.99623420691222,73.12421770344521,73.95741897471797,4.929407194442805,4.65732277402255,4.865432358535942,3.8292850405805186,3.9087082165303726,4.517330995648658,1.010591,530.4307523580595,492.4587994522434,520.5015976689041,513.8594046264154,16.895781532534325,14.702631430212234,16.341752637343863,221.4,644.0675420372595,688.578231200022,674.0240800494354,458.9722775460623,496.2435070047917,486.81923434749456,444.9628698849643,469.47333561856783,459.3040434344385,1563.4282358592473
c0080,20140704,56842.28688,False,06:53:07.360,06:53:49.834,2.00784,0.12325579885497225,0.005892922921418102,0.6998315008884035,0.82,6:48:6,0.81,7:8:8,0.05259570560859429,0.012678729091698615,0.15385424066330905,0.38463560165827265,0.24014286241098504,0.09870278666892182,0.05739007389821846,14.404444444444445,105.0,4.5499,0.09521150588989258,0.12180583401364813,0.09518405593227039,0.10025975860448981,0.018739999388435184,0.014022635533245982,0.016257867520507462,89.24456965662462,91.9184787170146,70.1864335295922,73.17164627585964,72.58890676750728,73.1242177034452,73.12421770344521,73.99623420691222,5.713685634392372,5.437627746013223,5.954466708397175,3.9087082165303726,3.9087082165303726,3.8292850405805186,1.05695,518.5177502476342,491.46347156590593,519.2877055157901,513.7215214918664,17.06176591015914,15.342545674477996,17.127695408020454,183.8,636.6654482311905,683.0202237732577,668.1248508056794,449.22819354445295,487.33677620820026,477.58099453905936,443.8689861846039,470.2161899252294,460.0340172210906,1563.4282358592473
c0081,20140704,56842.28747,False,06:53:58.121,06:54:40.596,2.00062,0.12325579885497225,0.005934682088878296,0.7038768478516824,0.82,6:48:6,0.81,7:8:8,0.05259570560859429,0.012678729091698615,0.15385424066330905,0.38463560165827265,0.24014286241098504,0.09870278666892182,0.05739007389821846,13.89,120.0,4.5599,0.09943932294845581,0.12389856567909383,0.09600705399466238,0.10168570161256826,0.01738486097044527,0.012143313738150184,0.015435557739244935,88.94523647623699,90.53616721256375,68.30523240112383,71.53170018914655,70.76314713848221,68.71334003142371,69.63016172833105,68.71334003142371,4.388594140024044,4.306241544183546,4.912737263711131,1.5879817605250104,1.8336433938146615,1.5879817605250104,1.045108,513.7056171030384,489.332755118467,518.1258124275947,512.0364417879744,15.852195330782145,13.372349300455495,16.3027903398809,223.1,644.5066170643269,689.7537966572078,675.8077853370097,460.62069304706887,498.1732934504747,488.65204378706784,445.1752355681762,470.3161507273698,461.0712991868562,1563.4282358592473
c0082,20140704,56842.28806,False,06:54:48.918,06:55:31.392,1.99346,0.12325579885497225,0.005892922921418102,0.7079262382311642,0.82,6:48:6,0.81,7:8:8,0.05259570560859429,0.012678729091698615,0.15385424066330905,0.38463560165827265,0.24014286241098504,0.09870278666892182,0.05739007389821846,14.404444444444445,92.0,4.5509,0.06582076102495193,0.12272561082829653,0.09638870071501182,0.10200996007430709,0.01583232235960172,0.01170356521754092,0.013931482696283186,103.3910008112104,108.29462479304681,68.69329114957499,71.40240746688774,70.4907853870777,70.3660425378333,71.3741947352651,72.07126031257307,5.139590350412121,4.704636280356989,5.1186076200584365,5.293261191029084,3.5776764007487145,6.362842568911152,1.041341,557.7335485112204,490.31528365660733,517.6394022123219,511.50157142799816,14.535839355217881,12.880731625511265,14.68507987094596,212.0,640.6227386291126,685.0652024588711,671.9677577537183,457.4493504548068,494.8433718228064,485.73930059182993,440.9550455035549,465.0499896281269,456.7371034287049,1563.4282358592473
c0083,20140704,56842.28865,False,06:55:39.767,06:56:22.242,1.9864,0.12325579885497225,0.005808835949526968,0.7119562710915868,0.82,6:48:6,0.81,7:8:8,0.05259570560859429,0.012678729091698615,0.15385424066330905,0.38463560165827265,0.24014286241098504,0.09870278666892182,0.05739007389821846,15.433333333333334,116.0,4.5601,0.09618820250034332,0.12487910916082787,0.09725655614633863,0.10323765338745947,0.019157428579543643,0.014121403218118934,0.016666909997152663,89.33067498893206,91.22994109170402,69.21112792962418,72.36381931885451,71.47735659769184,71.23805904130032,73.00654554734777,73.83974681862053,5.522256261428113,5.5528338697254975,5.869653664646794,5.675771891490117,5.698554369825488,6.147998901125537,1.050802,517.3913649641709,488.56890350750655,516.9059372856412,510.469251800164,17.329733984275098,15.425228042443848,17.432318375978525,298.4,628.2488763926701,672.4234430200877,659.6963770758273,445.8821867498293,483.92507205596064,474.46643358333387,435.9466325900255,459.3293660800898,451.6886959057183,1563.4282358592473
c0094,20140704,56842.30867,False,07:24:33.151,07:24:37.056,1.79002,0.1295766090526631,0.006452486500432618,0.8410048633020173,0.78,7:31:2,0.81,7:8:8,0.028084136227961676,0.013006757526474767,0.1578348104336264,0.394587026084066,0.24635592104719464,0.10125645907448254,0.05887488960619397,14.91888888888889,110.0,4.4162,0.11257769912481308,0.18182705530469356,0.13656551018993413,0.14686861848051708,0.02217773772357899,0.014936669964777653,0.01765907429171787,66.88308751942992,64.50930999319318,61.77181334378891,65.03495710937966,64.42902280469553,63.741198443788186,69.58535653489075,67.58395422369176,3.4910709359958245,3.058483255687469,3.456121570771663,4.766547490420024,3.0983586495684623,5.3644225944974036,1.044057,499.7056723393013,442.01138829564843,477.49220128876846,468.81015332075265,15.347879232296716,12.673349770460169,14.23321439450668,277.5,539.2011340472174,583.615370551456,576.8862074297931,386.9019540283999,432.62907418323454,419.54116079618393,370.3289511848222,387.3022960229542,390.9038501725512,1499.6108583872933
c0085,20140704,56842.28983,False,06:57:21.863,06:58:04.338,1.97244,0.12325579885497225,0.00585095992528743,0.7200355982629161,0.82,6:48:6,0.81,7:8:8,0.05259570560859429,0.012678729091698615,0.15385424066330905,0.38463560165827265,0.24014286241098504,0.09870278666892182,0.05739007389821846,14.91888888888889,117.0,4.5495,0.08046736568212509,0.12538043098695115,0.09727235631777534,0.10281970386768322,0.01788972883166182,0.012951077967516758,0.015447723601486952,93.0920331825924,93.28030813499294,69.09566474828998,72.06878227896533,71.51640465426439,69.53284126656052,72.13452904388075,73.00654554734777,4.990026579090707,4.549303215868231,5.276248066265508,4.111648794403028,5.600182873527142,5.698554369825488,1.137838,536.746023592491,487.9727181007453,516.7552330351085,510.7888063160925,16.204282617399823,14.191928844631738,16.30180767840312,323.9,630.0107593688831,674.0115283825402,662.0674670276117,448.81429563210276,487.060578379443,477.43068516645576,436.25711883500867,459.45601680923664,452.7361276034601,1563.4282358592473
c0095,20140704,56842.30949,False,07:25:40.145,07:26:22.620,1.7836,0.1295766090526631,0.006479140462487396,0.8458535547102071,0.78,7:31:2,0.81,7:8:8,0.028084136227961676,0.013006757526474767,0.1578348104336264,0.394587026084066,0.24635592104719464,0.10125645907448254,0.05887488960619397,14.404444444444445,105.0,4.3996,0.16437338292598724,0.18179173785106134,0.1378069426675005,0.14800828672195737,0.025057145972501995,0.01727125823887004,0.020167769974523634,67.4420750011747,70.12901356874188,62.40558612078633,65.29602020677916,64.75064511251354,65.44641621852797,69.44922084092596,69.44922084092596,4.0607175606755535,3.784743574275228,4.128252038770402,7.601363713624938,5.341104286335679,5.341104286335679,0.969554,454.34882489156337,442.21430632836257,476.5718358932872,468.0381772335727,17.33219633953021,14.629214071910422,16.117302494142283,235.1,534.662876448142,579.0360920955582,572.5638622980073,382.9913318076324,429.07181360307266,415.88313409837156,367.67569918434344,384.2416768534706,388.27055557167955,1499.6108583872933
c0086,20140704,56842.29042,False,06:58:12.744,06:58:55.219,1.96563,0.12325579885497225,0.005892922921418102,0.7240310900058672,0.82,7:8:38,0.81,7:8:8,0.05259570560859429,0.012678729091698615,0.15385424066330905,0.38463560165827265,0.24014286241098504,0.09870278666892182,0.05739007389821846,14.404444444444445,111.0,4.5597,0.05475036799907684,0.13025146418370487,0.10067742350439414,0.1064737428726909,0.020328989841497464,0.014285411427051215,0.016719400504385206,103.04176515210865,110.59902382609313,67.88988159017399,71.0866583314348,70.36238137539497,71.23805904130032,73.04059727781063,73.00654554734776,5.316473821931811,4.866855951393405,5.285502520393256,5.675771891490117,5.244078943294241,5.698554369825488,1.033062,576.2988817266215,483.6480805466893,513.0285381028866,506.9478443192886,17.83920406794942,15.193337649607962,17.15106366296718,275.7,622.8739648092893,668.5601766668485,656.1989932645266,442.0977907458923,481.02722992128554,471.25752496206036,432.24961121119475,457.1848210273389,450.19753275534913,1563.4282358592473
c0096,20140704,56842.31007,False,07:26:30.945,07:27:13.419,1.77903,0.1295766090526631,0.006479140462487396,0.84933277985355,0.78,7:31:2,0.81,7:8:8,0.028084136227961676,0.013006757526474767,0.1578348104336264,0.394587026084066,0.24635592104719464,0.10125645907448254,0.05887488960619397,14.404444444444445,100.0,4.3814,0.11246427148580551,0.18229650427935454,0.1379218969678913,0.14819584677559156,0.023152732472495885,0.01643129082129332,0.018415044266054333,85.57009368995745,85.52231011356004,61.96854586886438,64.9446470638739,64.28063456690184,65.44641621852797,69.44922084092596,68.41715549496452,3.665801390363384,3.3804078080020914,3.605030491421807,7.601363713624938,5.341104286335679,6.567923440758394,0.995422,499.8209736998165,441.7378323008276,476.4062193556004,467.75886636285054,16.068042634108178,13.898625145840334,14.814817308382333,284.0,535.3534079369732,579.8452158068709,572.5828071723759,384.33604858485603,430.0625836066232,416.8120397664417,367.47768457270564,384.5014806235262,387.638999239722,1499.6108583872933
c0087,20140704,56842.29101,False,06:59:03.833,06:59:46.308,1.95887,0.12325579885497225,0.005892922921418102,0.7280330013271503,0.82,7:8:38,0.81,7:8:8,0.05259570560859429,0.012678729091698615,0.15385424066330905,0.38463560165827265,0.24014286241098504,0.09870278666892182,0.05739007389821846,14.404444444444445,111.0,4.5415,0.06500516831874847,0.13065784951004364,0.10171623454515459,0.10767157999833839,0.02007611326078871,0.013979954660843974,0.016528718145656107,105.5272670927528,110.59902382609313,67.84683513108949,70.70815694729724,69.98018623107406,71.23805904130032,71.33537950307084,71.33537950307084,5.04585732693413,4.754204726047792,5.015010335478537,5.675771891490117,4.282414469534635,4.282414469534635,1.075841,559.0100376946593,483.253543233635,511.83527453853077,505.63928433421586,17.63671713442702,14.788202143687988,16.818255886340697,235.7,621.3444962207923,665.4961121947747,653.6661176096059,440.83487222756764,479.5510304399566,470.07583223827896,431.45349956701364,454.5140053616004,447.7658539045423,1563.4282358592473
c0097,20140704,56842.31066,False,07:27:21.783,07:28:04.258,1.77452,0.1295766090526631,0.006479140462487396,0.8527891831114333,0.78,7:31:2,0.81,7:8:8,0.028084136227961676,0.013006757526474767,0.1578348104336264,0.394587026084066,0.24635592104719464,0.10125645907448254,0.05887488960619397,14.404444444444445,100.0,4.3958,0.11409591883420944,0.1832703091777678,0.1388424815632867,0.1491756067808828,0.02303000898959599,0.016026966253176022,0.018488674709686046,83.63474753070207,86.25642066080889,61.80185090421433,64.83912627162447,64.07746127741716,64.337595300832,69.44922084092596,67.58395422369176,3.607890935685502,3.2612911685818804,3.6056862167661814,8.602968731698109,5.341104286335679,5.3644225944974036,1.027492,498.1708959143359,441.02843806626345,475.5751259538155,466.9489211460844,15.87413987076592,13.562666924305358,14.801824367375952,233.3,533.9136480944585,578.7890530446992,571.4093263961082,383.6859905520966,428.7448742973672,416.20016029649304,366.08708599528387,384.41688074073267,386.59989940371435,1499.6108583872933
c0088,20140704,56842.2916,False,06:59:54.762,07:00:37.237,1.9522,0.12325579885497225,0.005934682088878296,0.732016982657983,0.82,7:8:38,0.81,7:8:8,0.05259570560859429,0.012678729091698615,0.15385424066330905,0.38463560165827265,0.24014286241098504,0.09870278666892182,0.05739007389821846,13.89,110.0,4.5336,0.05308074504137039,0.13226204936774777,0.10234310480096885,0.10813559606521755,0.016570881826310495,0.011184529124655545,0.014132492899687012,114.26081353761295,124.03531159571762,67.4275781245383,70.27609451291775,69.77968513397437,70.4185578061635,70.4185578061635,71.33537950307084,4.311203341746407,3.8456716804378233,4.423792292685837,4.541505584343867,4.541505584343867,4.282414469534635,1.035088,579.3626948810982,481.4928109695778,510.8767786488422,504.9049542266404,14.703172569746327,11.979061425047178,14.609289126260931,211.1,621.1615082451116,665.1061754184078,653.867161581171,441.1756060890539,480.2660429445554,470.524786544619,430.9535825346162,453.5736394248047,447.73207200337583,1563.4282358592473
c0098,20140704,56842.31125,False,07:28:12.714,07:28:55.189,1.77004,0.1295766090526631,0.006479140462487396,0.8562452817154166,0.78,7:31:2,0.81,7:8:8,0.028084136227961676,0.013006757526474767,0.1578348104336264,0.394587026084066,0.24635592104719464,0.10125645907448254,0.05887488960619397,14.404444444444445,120.0,4.3884,0.1456906944513321,0.18334793535944127,0.13732846905613844,0.148641085033119,0.023733636690228214,0.017426744597480958,0.01924641336987966,72.78113492906373,72.77631674032583,61.27550622876019,64.8268704426159,63.895474082744535,65.64528029321666,69.58535653489075,69.58535653489075,3.272692866196349,3.284411097654365,3.4622968455096097,5.63127884060427,3.0983586495684623,3.0983586495684623,1.055232,469.28360433465974,441.013621770726,477.00391433900944,467.44507516318373,16.330814406125373,14.773006945320265,15.399516754028022,196.0,537.5195713637714,581.5111357739772,574.6056014226073,387.6733612037443,432.3711207770907,420.05880934058183,367.90583270306644,385.0221187245834,387.7174311107028,1499.6108583872933
c0099,20140704,56842.31185,False,07:29:04.036,07:29:46.510,1.76558,0.1295766090526631,0.006398242411015056,0.8597086168271763,0.78,7:31:2,0.81,7:8:8,0.028084136227961676,0.013006757526474767,0.1578348104336264,0.394587026084066,0.24635592104719464,0.10125645907448254,0.05887488960619397,15.947777777777778,123.0,4.3846,0.11416523903608322,0.18160942333492813,0.13616909598849047,0.14666060656747373,0.022839714241071285,0.016771319708053477,0.019489496926403435,74.54422953270188,75.33064457743392,62.02147976157357,65.33813352473649,64.62884616566383,64.71053540902574,69.58535653489075,68.6160195696532,3.4992409588003364,3.408851302651726,3.7575859891620365,5.087617042333434,3.0983586495684623,3.985805158658325,0.990191,498.1011826700547,442.1960666155178,477.96674287284867,469.1086783612948,15.680408946597629,14.13848148505549,15.587561896267564,195.1,535.8230470373934,580.4456740029607,572.7142714241187,386.24369707351434,431.9431334835036,418.8803193974237,367.0291903893342,383.9090619206345,386.22355371217037,1499.6108583872933
c0089,20140704,56842.29219,False,07:00:45.530,07:01:28.05,1.94563,0.12325579885497225,0.00585095992528743,0.73597598530335,0.82,7:8:38,0.81,7:8:8,0.05259570560859429,0.012678729091698615,0.15385424066330905,0.38463560165827265,0.24014286241098504,0.09870278666892182,0.05739007389821846,14.91888888888889,119.0,4.5399,0.04036952555179596,0.1325532419829495,0.10249625275457835,0.10871232684356369,0.01968613914248214,0.01430436288711884,0.016978212324035336,109.67750947860644,125.55107429572318,67.41476731888184,70.19654671090126,69.559079003219,68.71334003142371,69.63016172833105,70.50217823179807,5.475362485648441,5.05955175593795,5.649922616551404,1.5879817605250104,1.8336433938146615,2.9734527143366636,1.082956,605.7699705893309,481.4804092125255,511.0018226161578,504.58307413585857,17.120014164084562,15.003581316971667,17.136896109757807,254.3,625.8025972586229,669.0405141657928,657.8378491850212,448.80594270469805,487.50668872525614,477.4295524332583,430.2655647393185,451.95766313032414,446.7357248908763,1563.4282358592473
c0031,20140320,56736.63763,False,15:18:11.549,15:18:54.024,1.57813,0.21504203204484518,0.004927699449361647,0.854395557924422,0.47,15:18:10,0.58,14:29:58,0.2162911374856973,4.262883071602771e-11,1.077399899603714e-10,3.9125091205121325e-05,0.46132570226934105,0.1781067584710747,0.14423727653231294,7.716666666666667,294.0,-1.0758,0.1723344922065735,0.3898318517520114,0.26877882540197545,0.3090521025351562,0.026651274330787036,0.016443988228017882,0.02049533873164152,65.40090758251996,65.4794292419564,53.68347894694585,55.58953527404704,54.9475790425341,55.355625418936526,58.68208817202446,58.68208817202446,1.960843022938161,1.6801091247707232,1.7220383759594289,0.0,1.9205341659445785,1.9205341659445785,1.059938,448.3586693457499,328.300742335599,387.65513342994353,366.51541790836075,12.036476600256286,9.101071229811511,10.4291698299617,187.6,354.69582125419106,426.5806998224017,406.0323320653264,248.66675360470964,320.8459931160937,294.57987679219934,252.5444728614848,280.7882536346708,279.1108093423078,983.2137779631304
c0011,20140320,56736.62273,False,14:56:44.625,14:57:27.100,1.63671,0.18048170546620934,0.003813460210445499,0.8060757295665517,0.56,14:57:19,0.58,14:29:58,0.029560965323448513,5.278577710188531e-11,1.3341062842873752e-10,4.844722007981254e-05,0.5712433412395808,0.22054331528869892,0.17860393074199551,7.716666666666667,290.0,-0.9259,0.22022639214992523,0.2753081331003131,0.1988289629594269,0.22077731198668188,0.0222236859344159,0.01540134366926776,0.01843895757605252,58.43879338253668,62.5239307760551,59.017029257825044,62.21706982862139,61.50842194293236,59.71415351798589,62.82437674688086,62.82437674688086,2.80095080845111,2.9775411098521425,2.9858128140609628,3.0286431624782577,3.3288367835311896,3.3288367835311896,0.998989,415.92073028377297,384.24225712571445,429.92973344135777,415.82159620766527,12.369174317738166,10.619883445942618,11.866695987116383,170.0,430.52336788902267,488.51150455340485,474.6970691902831,287.82223752044075,349.5823815202997,328.3249294020857,319.91476434076213,340.8870170985341,342.53002379385714,1137.7751128838377
c0013,20140320,56736.6242,False,14:58:51.733,14:59:34.208,1.62992,0.18048170546620934,0.003815980311357555,0.8114552236614428,0.56,14:58:54,0.58,14:29:58,0.029560965323448513,5.278577710188531e-11,1.3341062842873752e-10,4.844722007981254e-05,0.5712433412395808,0.22054331528869892,0.17860393074199551,7.202222222222223,294.0,-0.931,0.15011544525623322,0.27680678824789784,0.19984958331282116,0.22239941575997796,0.02241775720988885,0.014427869923636188,0.017469762478675543,71.78163693860797,71.90471264273118,58.921685078715754,62.09504761794182,61.157297435951165,58.60533260028991,61.8550397816433,60.82297443568187,2.7265827462695995,2.558293230523057,2.621981100270883,3.5624309847643088,2.064130691922877,1.787589615936362,1.012133,465.62488873144304,383.43712478880866,429.2087346591455,414.77325316794526,12.464726629582913,9.886785781580132,11.169333327767347,154.6,432.48224350591136,489.5343137087548,475.1469425216985,287.497443561736,348.8582524943218,327.465730008768,322.8656717566086,343.1573902212192,344.0912088012267,1137.7751128838377
c0015,20140320,56736.62569,False,15:00:59.626,15:01:42.102,1.62332,0.16568812305094627,0.0036137292919186984,0.8167113373397322,0.61,15:0:29,0.58,14:29:58,0.1055997786925957,4.8649744120757896e-11,1.229572300038333e-10,4.465113501494218e-05,0.5264835322657362,0.20326262954563235,0.16460940818941372,7.716666666666667,296.0,-0.9542,0.21239851415157318,0.23848913822367984,0.16992617334958152,0.19036068101462023,0.02578805601085112,0.01698414052231197,0.021173093048567907,61.987262148681715,64.50930999319318,60.98651070416712,64.576594653393,63.53665545646676,61.79231140091942,63.741198443788186,62.82437674688086,3.7151985767244775,3.701574195600586,3.8715576877663316,3.4665304893824294,4.766547490420024,3.3288367835311896,0.958651,420.86554046223955,405.31301344055083,450.5346444164271,436.00677714907465,15.915038686648968,13.238188911370536,15.302174933685448,144.8,458.46326853409204,515.2219626265542,501.4189547283685,310.2691883187923,368.79079613921226,348.1266736358146,337.27907726849844,359.45984735126956,360.6353542674675,1221.821988580662
c0035,20140320,56736.64063,False,15:22:31.182,15:23:13.657,1.56888,0.21056198971057757,0.004789015424091806,0.8624787613361536,0.48,15:22:54,0.58,14:29:58,0.2000819464539298,4.351050871354347e-11,1.099683405157366e-10,3.993430251790977e-05,0.47086714909177196,0.1817904816113803,0.1472204883869211,7.716666666666667,297.0,-1.1242,0.1818191558122635,0.3799994692475025,0.260791126641434,0.2990542836684814,0.01777191609562954,0.011277007018068077,0.012782254975022844,65.31955564530809,68.30716937493325,54.03815505908895,55.588180757180204,54.987301892409704,55.258675284714165,58.68208817202446,57.57326725432848,1.6816024436018238,1.278334768171512,1.3610031561327947,3.2747627853223062,1.9205341659445785,2.2176418353919516,1.021293,441.4751859303484,332.6162420647764,391.99110204442104,371.49284054166003,8.144248193922229,6.345600093072118,6.64520283102587,182.8,361.04888896419027,432.13959226978585,411.912297168073,251.77804835157062,322.74081921416496,297.50420613177477,258.58011368219434,287.16923974542584,284.77192497609974,1000.615989868295
c0037,20140320,56736.64211,False,15:24:41.861,15:25:24.337,1.56464,0.17731535975627585,0.0037044888451266324,0.8663086365617524,0.57,15:24:29,0.58,14:29:58,0.0014326458319434375,5.431578068776134e-11,1.3727755529988997e-10,4.985146994630151e-05,0.5878009142922119,0.2269357960242084,0.18378079219009663,7.202222222222223,291.0,-1.1398,0.16417399048805237,0.28993132365645546,0.20437573838731385,0.2320855147615773,0.01817982686285661,0.012419968168100726,0.014407885660119184,68.33441284479481,70.12901356874188,58.14053445072939,60.88683399170137,60.14266958400002,58.60533260028991,61.8550397816433,61.8550397816433,2.0725735414678392,2.0495567738974936,1.8398589402561394,3.5624309847643088,2.064130691922877,2.064130691922877,0.97973,454.5015127675196,376.33206696949236,426.13977307475125,408.73850011883684,9.743278601469378,8.327767792781664,8.896671284819949,199.3,420.60405614302647,482.53754824966245,465.5127776134159,284.3405642833512,348.5215340871538,325.2320897440106,309.7646500740599,333.4675534647655,332.89703180267105,1154.6812682478323
c0017,20140320,56736.62722,False,15:03:12.460,15:03:54.934,1.61671,0.16042818263663053,0.0035711325948019996,0.8220399819422692,0.63,15:3:37,0.58,14:29:58,0.15241998638735368,4.610301943334546e-11,1.1652064500619502e-10,4.231373016485131e-05,0.4989230870183961,0.19262220448178585,0.15599240821967575,7.716666666666667,292.0,-0.9608,0.2569659948348999,0.23473395454549803,0.16932935102431032,0.1898329422102818,0.024944111169721835,0.01673501065947087,0.01975576254047392,57.869260208076405,58.350866381494306,60.33128875586051,63.60821312777979,62.54539587419083,61.71555582918488,62.82437674688086,62.82437674688086,3.083854907703226,3.29701298378249,3.2399179595847842,4.636458842347044,3.3288367835311896,3.3288367835311896,0.97463,394.14541018868516,407.5214388670204,450.966082672891,436.28899042327294,15.475328636749968,13.016618959965543,14.237482348036343,180.1,458.1636579741055,513.8128012753494,499.3317272681665,319.9864450975492,376.2674619356623,355.8930045043513,327.60572361270204,349.5382559843485,349.9402035775168,1255.115035070825
c0039,20140320,56736.64365,False,15:26:51.815,15:27:34.291,1.56041,0.14438536437296748,0.003479168637554789,0.8699264486365164,0.7,15:27:34,0.58,14:29:58,0.28892039418261223,3.867825616359664e-11,9.775531866004905e-11,3.549922141042432e-05,0.41857290916768974,0.16160093328625996,0.13087026400559412,6.687777777777779,290.0,-1.1357,0.17145603895187378,0.20475907093767792,0.14513551525153742,0.16448194134186245,0.016262652166293058,0.01059131822922912,0.013094417843019237,62.858701863801734,67.37777682560726,61.34980028848995,65.03852202772669,64.0678432881844,63.91917047356618,64.61321494725522,65.80532913571108,2.2590933614326003,1.9558242308391836,2.091972789801432,0.0,6.202394237067722,3.2669226339710775,1.058789,449.00976759461463,426.0112791050993,469.8871903033973,454.4550751644099,10.847524388879835,9.07495142917608,10.170297100731332,153.0,480.79913169245424,536.6953880186953,521.1958784004487,347.622467199873,401.513505283201,381.7513188108266,332.1239370492918,356.1004949539539,354.81466054976215,1370.2972121808584
c0019,20140320,56736.6287,False,15:05:20.446,15:06:02.921,1.61057,0.19069765105863629,0.00415549365451542,0.827081478956043,0.53,15:5:12,0.58,14:29:58,0.10351866147622205,4.876294380211966e-11,1.2324333056837092e-10,4.475503061290435e-05,0.5277085699133498,0.2037355871184452,0.1649924262893638,7.716666666666667,294.0,-0.9715,0.2555801570415497,0.31081240453700076,0.21994662865828507,0.24805035406417858,0.02772464886872911,0.018223617030862192,0.022303120870870646,57.03523090394615,58.350866381494306,56.95303091138028,59.82750410866974,58.810439096065565,58.60533260028991,60.822974435681864,60.822974435681864,2.5746933702551096,2.814162880750334,2.988515498008468,3.5624309847643088,1.7875896159363622,1.7875896159363622,0.993503,394.92892585293094,365.80348614238454,416.32935896442416,399.5297185076895,14.25845325295643,11.671390511032545,13.176022270334748,162.6,404.2610466184974,466.40485539479084,449.75029060831804,274.21923613658083,339.3895106037258,316.2556832811755,296.650696771285,319.5257175219566,319.3821764155932,1086.7499582048702
c0120,20130426,56408.61302,False,14:42:45.459,14:43:27.934,1.56848,0.17425819838116766,0.008303828122181878,1.2459703935496804,0.58,14:42:53,0.43,14:37:27,0.3869909935928121,1.9752736756501678e-10,5.36404594488486e-11,3.6605989218471e-08,0.13845037506392002,0.471166197861508,0.0033923966246028575,7.716666666666667,65.0,-0.957,0.0966629758477211,0.4117540737668668,0.28498835866591166,0.32865374766058053,0.02958643243884631,0.01939686730326502,0.023433477274931742,77.04813783873118,74.48893497961419,51.55671441360416,54.63978959164313,54.55647137950847,52.94408331509984,56.464446336632506,57.49651168259395,0.9858092221364609,1.029413630357428,1.0589483711396463,2.411542103836684,1.9205341659445785,3.708123781880941,1.094558,516.8470951701779,318.63054747543976,378.95135732982726,356.81526322935,12.850207427088119,10.140538258859964,11.381636099813338,318.4,349.94230894478744,422.1084493342911,401.8313676298622,264.01475766384493,331.53307155179556,307.2296295108934,228.9792165366054,260.78482297524295,258.5138786796554,1171.538059869912
c0040,20130426,56408.56421,False,13:32:28.431,13:33:10.906,1.52114,0.17425819838116766,0.0067270426849384245,1.7551003028651968,0.58,13:32:57,0.25,13:32:26,0.7587627804178727,6.6688138774244215e-09,4.494200656525153e-12,1.196037271494597e-07,0.03537370839329475,0.1576594585151969,0.048203926396600434,7.716666666666667,68.0,-0.7465,0.16275018453598022,0.4408653776433756,0.2984187664430099,0.3465650790630606,0.030645588509703257,0.02131813346864612,0.023309885111325156,63.6635627020819,67.37777682560726,50.57142857142858,52.75815569238623,52.81583999360346,54.14985436701818,55.25867528471416,56.464446336632506,0.0,1.071398402408784,1.027274547891913,2.088456724218339,3.2747627853223062,1.9205341659445785,1.042488,455.59572925832157,306.1027513165444,371.9649306706479,348.18135889406767,12.964861054249006,10.969914205849994,11.013463496820233,156.6,325.56792095075593,405.07213339232874,382.6923584421898,258.6629559375074,327.9243265184429,302.65684764229906,197.4922140957767,237.5519760053542,234.04925758753873,1171.538059869912
c0121,20130426,56408.61361,False,14:43:36.429,14:44:18.904,1.57023,0.16042818263663053,0.007456751718450674,1.2436081742229255,0.63,14:44:25,0.43,14:37:27,0.46591227645796207,1.7209688761077587e-10,4.6734567644761157e-11,3.189318467649241e-08,0.12062570838039705,0.4105063374201994,0.0029556456294254356,7.716666666666667,63.0,-0.9523,0.11642775684595108,0.37410689802905117,0.2573064982504851,0.2971592123318626,0.028542394664079696,0.018006844649283867,0.023905506265563536,73.7721432942281,71.90471264273118,51.82099007609222,55.08923164333764,55.15157300562679,54.14985436701818,56.464446336632506,57.49651168259395,1.2502312271934786,0.7250352488230773,0.8375449775115441,2.088456724218339,1.9205341659445785,3.708123781880941,1.140191,495.8439374136185,335.42670039635755,394.0769281940297,372.6684890415046,12.815218749527746,9.985453109292289,12.201455768008449,254.3,367.7962213089023,439.81898154411164,419.0796150789315,281.1913478916102,346.446421450072,322.5013057904012,236.46518626558952,270.4821128587596,267.19657460844763,1255.115035070825
c0041,20130426,56408.56481,False,13:33:19.440,13:34:01.915,1.52063,0.14235176769165808,0.005341204612097824,1.5627534473212523,0.71,13:34:29,0.29,13:33:58,0.7767159685582457,1.7774753451942332e-09,8.822694217048524e-09,4.062061560341987e-11,0.03208252442563099,0.15549675145003408,0.03570474492529901,8.231111111111112,67.0,-0.7554,0.14573849737644196,0.3324120296388101,0.22525638030135853,0.26190016756690115,0.0311282096443623,0.021835175170071018,0.02412633114184561,67.18704211059787,70.12901356874188,51.18131232657943,53.875771738787904,53.86328007724873,54.14985436701818,56.464446336632506,57.573267254328485,1.0563496506321666,1.2741811448368263,1.0799516811693215,2.088456724218339,1.9205341659445785,2.2176418353919516,1.054006,469.2436406632981,355.1331458012778,413.1262135590295,391.65489547829156,14.820824098976917,13.2022155964729,13.16139049312115,155.1,394.9636120144536,464.4509153890596,444.7064587699373,325.10561270546305,383.3631745770512,362.03388291961335,224.04631812380663,261.9399050163625,258.1067671836867,1386.5909609819003
c0122,20130426,56408.61471,False,14:45:10.882,14:45:53.356,1.57354,0.20213951012215448,0.010209305982976112,1.23977469626904,0.5,14:45:57,0.43,14:37:27,0.21495086877636815,2.5296314846768157e-10,6.86945797673704e-11,4.6879409165570345e-08,0.17730628021037495,0.6033983357944698,0.004344468017720183,7.716666666666667,59.0,-0.9554,0.10787437856197357,0.46137617023091937,0.3222117203578462,0.3701605604194093,0.021712264204976715,0.012984772021102955,0.01710347685092784,75.89317645628284,74.48893497961419,52.106836420285404,55.129679932387205,54.98233533837298,55.355625418936526,57.49651168259395,57.49651168259395,1.295276102782122,0.8836872228161015,0.970858448394026,0.0,3.708123781880941,3.708123781880941,1.125812,504.56402707952896,297.39044533328854,359.8238135693231,337.08845655947107,9.056698967537786,6.409509796079831,7.8327263418554685,205.5,317.29262410238306,395.1436395426715,373.1429977904302,221.2264195725191,298.0343197503837,271.02684914955154,227.22064824216602,259.3395833383458,256.33362107893083,1035.2408748785258
c0042,20130426,56408.5654,False,13:34:10.414,13:34:52.888,1.52014,0.14235176769165808,0.005952351693198568,1.6376467710840623,0.71,13:34:29,0.28,13:35:30,0.7914972096362368,4.864124670982764e-10,0.0009754122345534585,1.601538920924644e-08,0.02382903628710173,0.15290945109312837,0.030788874247178133,7.202222222222223,69.0,-0.7661,0.13415326178073883,0.33101278494203,0.2263078524106964,0.2625464279382473,0.030368634500708522,0.021039951176454966,0.02283192729492186,68.47916485774718,71.90471264273118,52.12017278819137,54.38266113248626,54.187711378513065,54.14985436701818,56.464446336632506,56.464446336632506,1.5117752708215042,1.98412675459363,1.867158319789453,2.088456724218339,1.9205341659445785,1.9205341659445785,1.067856,479.22805044976116,355.82332404563897,412.4691950929776,391.2740881919873,14.854773681772777,13.032205812200083,12.762406018607487,144.5,391.02821127842526,459.962063586504,440.2218962337407,321.35074587361873,380.26972425059046,358.17163150100856,222.60084417436315,258.65414169906245,255.84016977169392,1386.5909609819003
c0123,20130426,56408.6153,False,14:46:01.876,14:46:44.351,1.57537,0.1981759903158377,0.00946955676645893,1.2374463242876474,0.51,14:47:29,0.43,14:37:27,0.2404380203670272,2.4475052857496606e-10,6.646436372311006e-11,4.5357437405635917e-08,0.1715499117718111,0.5838086002705614,0.004203421921948042,8.745555555555557,61.0,-0.9609,0.09954139590263367,0.454388519999155,0.3177582423952581,0.36473738436935155,0.021373071155488383,0.011911898563652832,0.017225044526416485,78.6608818011077,76.16305266010647,51.66272876394309,54.597076954866154,54.51560507580182,55.355625418936526,56.464446336632506,57.49651168259395,1.1322968514649216,0.8828203815920624,0.9146969651177802,0.0,1.9205341659445785,3.708123781880941,1.1376,513.591416063203,300.307824749793,362.01681785368044,339.58386570660554,8.911233523591351,5.881630594481466,7.8838249380075185,204.8,325.1394800717355,400.6718427554438,379.9859471184758,230.47366770770856,305.2230626102615,278.87651897731246,228.8914928814419,259.2544566399054,257.75933112533414,1052.4663540392717
c0043,20130426,56408.56599,False,13:35:01.318,13:35:43.793,1.51969,0.11356152254053621,0.005091222026953687,1.6372539833568154,0.89,13:36:1,0.28,13:35:30,0.8569265306927101,3.3377356274538946e-10,0.0006693225167819778,1.0989672092521067e-08,0.016351353791941685,0.1049256253098538,0.021127156365266672,6.687777777777779,60.0,-0.77,0.15532079339027405,0.22534393621998283,0.1560081291918436,0.1819663936727169,0.02517229326053449,0.016508742645740652,0.019763475554442217,66.21344890793306,68.30716937493325,52.5274787222114,55.277889706194834,54.73000069677432,55.355625418936526,57.573267254328485,55.355625418936526,1.4528088109402513,1.5316645587119873,1.3623452068211614,0.0,2.2176418353919516,0.0,1.000962,461.4209855122057,413.1952759264993,461.2519626374654,441.7756865549428,15.023698378490417,12.81625074370241,13.628799381773568,188.0,480.728431130504,536.637602671513,519.4709703945297,417.48186531767067,465.2346760853138,446.9248907256762,236.66831541380643,265.748867006879,263.2969254813416,1673.881642079225
c0124,20130426,56408.61589,False,14:46:52.821,14:47:35.296,1.57724,0.1981759903158377,0.009692321520670018,1.2350997427317172,0.51,14:47:29,0.43,14:37:27,0.2404380203670272,2.4475052857496606e-10,6.646436372311006e-11,4.5357437405635917e-08,0.1715499117718111,0.5838086002705614,0.004203421921948042,8.231111111111112,69.0,-0.9541,0.0843239277601242,0.45876998356318616,0.3167590194483592,0.3666300357464174,0.020224055483223622,0.013508180046994679,0.01635379770751993,84.29750116901086,86.98433585001898,51.255135830228795,54.53180741715211,54.36322854254108,54.14985436701818,56.464446336632506,57.49651168259395,1.1842157097456192,0.9522453829599469,1.0282472842677404,2.088456724218339,1.9205341659445785,3.708123781880941,1.139787,531.7369020196531,298.46647209606584,362.5312745791019,338.70185220806786,8.415185037290042,6.664727624687433,7.474493802682552,149.2,321.8393287908338,399.07549824870983,376.7735415380912,229.70262074765594,305.79851684591284,278.23649779958043,224.98511761054823,256.1432723791778,253.71320939840064,1052.4663540392717
c0044,20130426,56408.56662,False,13:35:56.181,13:36:38.655,1.51922,0.11356152254053621,0.005091222026953687,1.6380644843117798,0.89,13:36:1,0.28,13:35:30,0.8569265306927101,3.3377356274538946e-10,0.0006693225167819778,1.0989672092521067e-08,0.016351353791941685,0.1049256253098538,0.021127156365266672,6.687777777777779,66.0,-0.7774,0.1264466643333435,0.21886140151102884,0.1516554857795105,0.17685142089989936,0.018090635058986757,0.013208927680300724,0.014497698742182614,64.41875748889626,68.30716937493325,52.85444157868206,55.503123903613364,54.834666822017965,56.464446336632506,59.71415351798589,57.573267254328485,1.9786820856495115,2.250097333292697,1.8368161315009435,1.9205341659445785,3.0286431624782577,2.2176418353919516,1.088198,486.2339542773887,416.98733313832355,464.60619281080716,445.24547631849157,11.27682305854248,10.759854388247183,10.442358936609043,155.5,502.2381423677406,557.2371255844203,540.5448614876033,440.48041516492054,486.51553637171406,468.53366685662587,240.66525287507073,271.2387269060577,269.1446339345739,1673.881642079225
c0125,20130426,56408.61652,False,14:47:47.120,14:48:29.595,1.57926,0.1981759903158377,0.009919638229045074,1.2325730464680575,0.51,14:47:29,0.43,14:37:27,0.2404380203670272,2.4475052857496606e-10,6.646436372311006e-11,4.5357437405635917e-08,0.1715499117718111,0.5838086002705614,0.004203421921948042,7.716666666666667,60.0,-0.9566,0.10270458459854126,0.4540518749347092,0.3149832508459479,0.36332679995374595,0.020687667213173066,0.010697118868674704,0.015270608128485711,77.51461208075413,74.48893497961419,52.171234259255286,55.17411228335334,55.02451728185031,55.355625418936526,57.49651168259395,56.464446336632506,1.221407168559527,0.8310486998215952,0.8262047348084349,0.0,3.708123781880941,1.9205341659445785,1.090385,510.09763233549285,300.44612372285997,363.3884900686882,340.2176295156876,8.661158422838149,5.331820054845298,7.0377015568591474,136.9,322.0253963441302,399.97776636195294,377.57789531222505,226.66489907924588,302.40589202251886,275.75827181234104,228.45197257142257,261.62006596804804,257.76143476805225,1052.4663540392717
c0045,20130426,56408.56721,False,13:36:47.179,13:37:29.654,1.51882,0.14235176769165808,0.005565394537427777,1.5780911940050992,0.71,13:37:33,0.28,13:37:2,0.7913342185638711,4.52777562458502e-09,1.4851104048638863e-10,2.9753954104415845e-09,0.0226388781229251,0.1482523104506981,0.03777458521082359,7.716666666666667,70.0,-0.7649,0.11601845920085907,0.3304355737382229,0.22404508817517155,0.26144706771420156,0.035866425560454315,0.02421272179719202,0.027795995820239353,72.15213230108162,71.90471264273118,51.789231531390435,54.22051291455513,54.15756834469183,54.14985436701818,57.573267254328485,57.573267254328485,1.269118876267592,1.5838395949237745,1.4876178921583065,2.088456724218339,2.2176418353919516,2.2176418353919516,1.062072,496.2497738454558,356.2644107618601,414.01120472575303,392.0722525213457,17.679496625536046,15.212435734120094,15.749976476356876,252.5,388.76760453913,459.0375913312353,438.2332897288654,319.58357381696214,379.2709402979148,356.54158359541213,221.29849644253392,258.54059737321273,254.7691323558842,1386.5909609819003
c0126,20130426,56408.61711,False,14:48:38.212,14:49:20.686,1.58119,0.24064227395494578,0.012819435503902297,1.2303227474414715,0.42,14:49:2,0.43,14:37:27,0.04527212013711826,3.0763803284968074e-10,8.354207130596835e-11,5.70118189317757e-08,0.21562885972216153,0.7338154912010734,0.0052834715366477285,8.745555555555557,56.0,-0.9607,0.0924302414059639,0.5341481609222455,0.36917287798658227,0.4248762964105942,0.024736910582552077,0.01395950681634844,0.01881771972894927,81.92819987906188,79.40547149110117,51.215030109205735,54.05128621985891,53.78064817645011,52.944083315099846,55.25867528471416,56.464446336632506,1.1147505632594952,1.089812412412279,1.23985354732038,2.411542103836684,3.2747627853223062,1.9205341659445785,1.07762,521.7759160955256,267.7385136874898,337.5104539846745,312.8255430303638,9.88836208466984,6.365525893140344,8.064109592804227,153.9,283.5359818439513,369.81107528125386,346.6102796577655,193.74167072658315,278.1605908914434,249.18066999479547,206.68349075627262,243.53162712865588,240.70960528431564,895.242757284525
c0046,20130426,56408.5678,False,13:37:38.307,13:38:20.782,1.51844,0.14235176769165808,0.005884067344750909,1.7234251938949179,0.71,13:37:33,0.25,13:38:33,0.8242187980676102,3.9585695460657604e-09,3.10476042828687e-11,1.1694597613213878e-08,0.013816183905876573,0.12910628780959568,0.03285871453270271,7.202222222222223,71.0,-0.786,0.1457066684961319,0.33759272254145023,0.2297083637597505,0.2680294187396997,0.03561935007561091,0.02379022160149444,0.02632832149928707,68.40406531239246,68.30716937493325,51.94350287397234,54.08996035806153,53.97645930912861,54.14985436701818,57.573267254328485,57.573267254328485,1.433080946133548,1.8870451222251172,1.8106814535598938,2.088456724218339,2.2176418353919516,2.2176418353919516,1.10904,469.2702592865615,352.76586651087257,410.49096833085605,388.33846977344433,17.26075518958452,14.548320694108689,14.548823284848192,180.7,382.66745099251386,453.7716499764671,432.3194174972232,315.2948329724506,375.7602080343412,352.7329110489319,216.77182755269996,254.29969572078045,249.9195668986865,1386.5909609819003
c0127,20130426,56408.6177,False,14:49:29.274,14:50:11.748,1.58316,0.24064227395494578,0.012819435503902297,1.2278741450291382,0.42,14:49:2,0.43,14:37:27,0.04527212013711826,3.0763803284968074e-10,8.354207130596835e-11,5.70118189317757e-08,0.21562885972216153,0.7338154912010734,0.0052834715366477285,8.745555555555557,56.0,-0.9627,0.07929877936840057,0.5334299654698614,0.3699647627855027,0.4251793525930512,0.025257692244902114,0.01434603678457993,0.01781059340582871,84.73343920638742,87.70620993591832,51.23406901653028,54.071117113268215,53.809934085446216,52.944083315099846,55.25867528471416,56.464446336632506,1.1477269180661922,1.1157879394927517,1.227659874132106,2.411542103836684,3.2747627853223062,1.9205341659445785,1.087668,538.3017644399371,268.02803213548964,337.15025790365206,312.6876553735935,10.100215026253569,6.5295897647698595,7.633823151293729,135.4,283.942490296652,369.58787760929016,346.4404085565641,193.6199059364657,278.25809231606326,249.2098630081242,207.33104870097998,243.08754162590532,240.4875409183657,895.242757284525
c0047,20130426,56408.56839,False,13:38:29.391,13:39:11.865,1.51809,0.12325579885497225,0.005137785073472776,1.7232685930667238,0.82,13:39:5,0.25,13:38:33,0.8617346819665392,3.113716775328874e-09,2.4421308041795084e-11,9.198692695742817e-09,0.010867482078598814,0.10155193927379791,0.025845884344233135,7.202222222222223,71.0,-0.7786,0.17853741347789764,0.26136588768634894,0.1800892732308015,0.21037151284378852,0.030586393376026418,0.02110013789564026,0.024381359834595075,62.32737487131015,64.50930999319318,52.5761699189607,55.21331053962828,54.605942289072026,56.464446336632506,57.573267254328485,57.573267254328485,1.8477424522523629,2.3062876003726616,2.098968504570946,1.9205341659445785,2.2176418353919516,2.2176418353919516,1.059975,443.82739306312857,392.2268462761348,443.24804740696237,422.6982577313231,17.285898210915285,15.296357200532906,15.871273512295865,155.2,444.4512043729211,505.71040910435465,486.58688692590005,383.0004658027891,434.7531878125153,414.4098449451776,225.4486522779531,258.2964055747904,254.98070717201992,1563.4282358592473
c0128,20130426,56408.61833,False,14:50:24.049,14:51:06.524,1.5853,0.24064227395494578,0.012819435503902297,1.2252232031432653,0.42,14:49:2,0.43,14:37:27,0.04527212013711826,3.0763803284968074e-10,8.354207130596835e-11,5.70118189317757e-08,0.21562885972216153,0.7338154912010734,0.0052834715366477285,8.745555555555557,65.0,-0.9591,0.08504891395568848,0.5332799948869307,0.36764770238584976,0.42513157666583945,0.02921487765467738,0.018098263471777,0.021907160347249863,83.78581000866625,82.52058661292955,51.17763345010888,54.07220793659703,53.745357516908086,51.7383122631815,55.25867528471416,56.464446336632506,1.0499776496704039,1.3440722238137761,1.4113616057848943,2.088456724218339,3.2747627853223062,1.9205341659445785,1.127611,530.8157687171655,268.0983475544433,338.250441240441,312.7392551539825,11.643408559448108,8.232980625741789,9.342597765482948,124.4,285.15574969879606,370.1229814557991,346.0925465142474,195.21777064122483,280.0911199124848,250.30480833861776,207.35808263228333,241.68434565572653,238.67704399638555,895.242757284525
c0129,20130426,56408.61892,False,14:51:19.119,14:52:01.594,1.58733,0.24064227395494578,0.012885879625993297,1.2227171093213538,0.42,14:49:2,0.43,14:37:27,0.04527212013711826,3.0763803284968074e-10,8.354207130596835e-11,5.70118189317757e-08,0.21562885972216153,0.7338154912010734,0.0052834715366477285,8.231111111111112,57.0,-0.9693,0.10786496847867966,0.531017886623586,0.3665944106355452,0.4240957584352451,0.024093663888936113,0.013964439190051511,0.018743091506579046,75.1807383583898,73.63760490634326,51.1906843517384,54.113009954680834,53.79683174427805,52.944083315099846,55.25867528471416,56.464446336632506,1.0725824743773178,1.0289935525487535,1.2238724099232026,2.411542103836684,3.2747627853223062,1.9205341659445785,1.09229,504.5739131654446,268.9896389373116,338.69596943912467,313.1612990904692,9.64154768979105,6.3817498045766,8.041858201680206,198.4,285.3962690118248,371.04719543337796,346.49794100293866,194.04801727621842,279.4875716917409,249.36143368461632,209.0502773558714,243.91479922655463,240.42912834285858,895.242757284525
c0048,20130426,56408.56898,False,13:39:20.420,13:40:02.896,1.51776,0.12325579885497225,0.005486332257771207,1.7599935332361123,0.82,13:39:5,0.25,13:40:6,0.8633424244552873,2.6659927945626307e-09,1.984231278395851e-09,1.3106101982430032e-09,0.010073789567240475,0.10318002647658425,0.023403753540053626,6.687777777777779,73.0,-0.7941,0.18357378244400024,0.26423440686547783,0.18176493950938066,0.21201643021529168,0.037938650489350446,0.02565353864200927,0.029523622339828626,61.990415409759,64.50930999319318,52.240165219641504,54.61507329449471,54.17590123329497,56.464446336632506,57.573267254328485,57.573267254328485,1.8323099096671795,2.4206186744849516,2.0782524866446277,1.9205341659445785,2.2176418353919516,2.2176418353919516,1.068358,440.2298488356656,390.96188910276527,442.3419494448477,421.93013080269344,21.36078269289264,18.49186035924373,19.194384918196082,142.7,444.9856545798835,506.05656999383615,487.65924010222847,384.7343376992906,435.5842897014583,415.93967998297535,223.56423378790493,257.58035092687123,254.55532865558018,1563.4282358592473
c0049,20130426,56408.56957,False,13:40:11.306,13:40:53.781,1.51746,0.21056198971057757,0.008151461857458839,1.7628710588693786,0.48,13:40:36,0.25,13:40:6,0.6663779577007253,6.508486319414648e-09,4.8441024133047954e-09,3.199591747864911e-09,0.024593135329085886,0.25189332549184934,0.05713556692615912,7.716666666666667,62.0,-0.7929,0.17918172478675842,0.5042630779822108,0.3395246944261642,0.39643495833046427,0.025895531334721122,0.014529543876565713,0.01716983477469494,60.37808774470132,62.5239307760551,50.57142857142858,52.15355589107479,51.90086148462216,51.7383122631815,55.25867528471416,54.14985436701818,0.0,1.1854722195811518,1.3390571489816188,2.088456724218339,3.2747627853223062,2.088456724218339,1.04297,443.36316968342896,279.78350253690996,351.42073331215727,325.2394192166587,10.483201705749572,6.961438431767841,7.600594327549227,141.6,293.2179872248132,380.0438935847814,354.97937998573445,226.43927581629737,302.7956171395609,275.7182320623971,185.84225708251137,229.28391584662955,223.31649316884125,1000.615989868295
c2057,20170823,57988.27029,True,06:29:13.298,06:29:55.773,1.52966,0.17731535975627585,0.007215224472555199,1.7875938437265455,0.57,6:29:45,0.29,6:29:15,0.6791514077035359,1.88412935048598e-06,0.09513920482651977,0.003716025412047596,0.06454542131367812,0.09513920482651977,0.06230685178834825,7.202222222222223,44.0,3.0603,0.1981576532125473,0.39938692785536606,0.28070545572817984,0.31817356305182676,0.026730249800164498,0.018183314066592418,0.01814124152381305,62.240539308689094,63.52437719288094,51.33528154944689,53.38955344334971,53.34492245366643,51.7383122631815,54.14985436701818,55.25867528471416,1.3230321674405086,1.621273191656004,1.6113301804115032,2.088456724218339,2.088456724218339,3.2747627853223062,0.868104,430.1887319734555,324.04749176164455,381.2219285340452,361.89856122159415,11.97449349368615,9.851830633281473,9.121739802441937,261.3,352.94816596918463,422.9384537515223,404.66101935081196,268.6399076221959,334.4424699225277,310.9369591705425,228.5639040070515,258.5792964335835,258.71171565345526,1154.6812682478323
c2058,20170823,57988.27088,True,06:30:04.473,06:30:46.948,1.53049,0.17425819838116766,0.007299692566568028,2.17571888262701,0.58,6:31:13,0.35,6:30:44,0.5802634048127596,0.11489206517084462,0.12830218003305677,0.014026255274800274,0.07792364041555708,0.03602609235956453,0.048566361933416964,7.716666666666667,36.0,3.059,0.12823162972927094,0.43088821515991677,0.2967299731495771,0.3401781484260818,0.02031321320804314,0.017810130292674326,0.015803813829984165,74.84299964478375,74.48893497961419,50.57142857142858,52.597275655050424,51.338995977901995,52.944083315099846,54.14985436701818,55.355625418936526,0.0,0.6909578816093422,1.3294657462458233,2.411542103836684,2.088456724218339,0.0,0.938406,484.58314535697946,310.2616939461855,372.77429463482986,351.1247481590797,8.763453723603828,9.320025271304988,7.637199697237027,262.8,338.14963136028666,411.9314574973423,392.4660738120482,257.28699392646536,327.01233123351665,301.83261706903767,219.3161962755245,250.41903141445712,250.73504962018978,1171.538059869912
c2059,20170823,57988.27147,True,06:30:55.243,06:31:37.718,1.53144,0.17425819838116766,0.007006711249111802,2.1735598184763734,0.58,6:31:13,0.35,6:30:44,0.5802634048127596,0.11489206517084462,0.12830218003305677,0.014026255274800274,0.07792364041555708,0.03602609235956453,0.048566361933416964,8.231111111111112,54.0,3.0403,0.20413777232170105,0.41022060423649437,0.28426189761688214,0.32428688021308694,0.018513540051634907,0.014087109467306671,0.015187473742391462,64.37030658054105,65.4794292419564,50.57142857142858,53.064491990581075,53.044275935152044,52.944083315099846,54.14985436701818,55.355625418936526,0.0,0.5301152099899099,0.5203432848658377,2.411542103836684,2.088456724218339,0.0,1.058323,426.2195563357284,319.18007225646136,379.24395357875585,358.82587274702814,8.06204606784676,7.476642214325381,7.411979430496035,313.6,349.33172739894655,420.1398098437742,402.3346837891712,269.73173797195835,337.07727504604316,312.9627789843836,221.64190421140682,250.60276050663927,252.62175976761188,1171.538059869912
c2060,20170823,57988.27206,True,06:31:46.012,06:32:28.494,1.53237,0.13845171926174965,0.005464635478501493,1.7062540655743392,0.73,6:32:43,0.3,6:32:13,0.7803585144039237,5.1875061447224574e-09,0.0010696143622213447,0.002178752580783432,0.14030969000963597,0.02791372354064941,0.04816969991527995,7.716666666666667,46.0,3.0431,0.20126955211162567,0.2720049591222144,0.19076278956016196,0.21698632882461952,0.028550627541116723,0.01776729432344328,0.02017016296479279,62.949724714616096,64.50930999319318,53.13084502130842,56.909298857258975,55.98238149624226,57.57326725432848,60.82297443568187,59.71415351798589,1.965063519843433,1.743784083319883,1.6979256631000719,2.2176418353919516,1.787589615936362,3.0286431624782577,0.942089,428.11313725077406,386.22913386131336,435.51161827267754,418.25591490324456,15.675156376905596,12.282123574298739,12.774532768381766,263.6,442.3463637664819,501.5055832895393,486.16910887318954,353.52472736866684,408.93845183364874,388.2187087681425,265.001240363052,289.71016888662064,291.92097395025996,1419.0644627275537
c2061,20170823,57988.27265,True,06:32:36.882,06:33:19.357,1.53333,0.13845171926174965,0.005604871550461031,1.8277253246897929,0.73,6:32:43,0.39,6:33:43,0.647899255547474,0.0003384230199176079,0.16081269048639613,0.03236015737898294,0.07855366447722577,0.039770880442872164,0.040264928647131444,7.716666666666667,47.0,3.0285,0.15950505435466766,0.27081840620195174,0.19103129166320665,0.21611922964858002,0.01944056914482064,0.012178127104489015,0.013785564330145444,69.98360475463862,69.22408515878199,53.20083076621039,56.74116071985842,56.0777562811526,56.36749620241014,60.82297443568187,60.822974435681864,1.6101200793963695,1.6177650305824944,1.3945256975875504,3.8245945479607024,1.787589615936362,1.7875896159363622,0.978181,458.11584574148816,386.6145638036836,435.12195138924574,418.5987512760067,10.912623810856028,8.60456647452768,8.94439701907843,189.0,440.5061246725767,499.7157012382428,485.9082849460941,352.3028645108828,407.59574659289734,387.45982119290375,264.0237229920989,288.66348293640124,292.8464010443427,1419.0644627275537
c2062,20170823,57988.27323,True,06:33:27.630,06:34:10.105,1.53429,0.17731535975627585,0.007206634452960885,1.8271368574238307,0.57,6:34:12,0.39,6:33:43,0.4682016926134256,0.0005111400416169887,0.2428847934982917,0.048875434636368995,0.11864418484248351,0.06006828226301838,0.06081447210479501,7.716666666666667,47.0,3.0228,0.17092177271842957,0.3898368095180766,0.2707647399281678,0.30869150279836394,0.020955680680852105,0.01280698456161681,0.014699252373966772,71.27904405158183,71.90471264273118,51.23921355443246,53.859685879960395,53.76177300597997,52.944083315099846,55.355625418936526,56.4644463366325,1.156637519094246,1.0172477145064607,1.0463341052807602,2.411542103836684,0.0,1.9205341659445785,0.972609,449.40691860031546,328.22461554792034,386.4993172841563,366.60206674882306,9.500929151789382,7.09717784340861,7.538007785960565,247.2,360.77730520934614,429.64372437164565,411.4519142297129,272.3629509659413,339.86769567305316,315.25214895394527,236.23363781835954,262.51534826367447,264.17406721095114,1154.6812682478323
