frames,dates,mjd,telem_status,expstarts,expstops,airmasses,frieds,tau0,theta0,dimms,dimmtimes,masses,masstimes,masswts0,masswts500,masswts1000,masswts2000,masswts4000,masswts8000,masswts16000,windspds,winddirs,temps,skystrehls,maosstrehls-psd+ncpa-unseen,maos_stds_strehls-psd+ncpa-unseen,skyfwhms,skyempfwhms,maosfwhms-psd+ncpa-unseen,maosempfwhms-psd+ncpa-unseen,maos_stds_fwhms-psd+ncpa-unseen,maos_stds_emp_fwhms-psd+ncpa-unseen,lbwfsfwhms,skyrmswfes,maosrmswfes-psd+ncpa-unseen,maos_stds_rmswfes-psd+ncpa-unseen,lgsrmswfes,totmaoswfe-psd+ncpa-unseen,homaoswfe-psd+ncpa-unseen,ttmaoswfe-psd+ncpa-unseen,DM_fitting_errors
c0120,20100815,55423.31508,False,07:33:43.032,07:34:26.142,1.58257,0.3871431748022424,0.026239703532535408,1.7787334363915999,0.26,7:33:8,0.21,7:32:38,0.3065631328877225,2.5774243998101953e-08,5.291945842163486e-11,1.0213729669460613e-10,0.012064539743792402,0.5031461461331603,0.17822615530602412,1.5433333333333334,129.0,2.5516,0.212944895029068,nan,nan,56.03600036682082,56.14814735467271,nan,nan,nan,nan,0.938657,420.516433742146,nan,nan,124.6,nan,nan,nan,602.3622485892957
c0122,20100815,55423.31624,False,07:35:22.783,07:36:05.908,1.58649,0.3871431748022424,0.028682694949290533,1.6466176232045382,0.26,7:33:8,0.25,7:38:11,0.09790022595175815,3.6330716273920296e-09,3.098393161473957e-10,3.33145813379722e-08,1.1968571814012233e-06,0.7595176156887489,0.14258092424481927,1.5433333333333334,129.0,2.5578,0.24681490659713745,nan,nan,55.18587515091354,53.85541101182941,nan,nan,nan,nan,0.961245,399.9482743003918,nan,nan,114.9,nan,nan,nan,602.3622485892957
c0123,20100815,55423.31695,False,07:36:24.268,07:37:07.095,1.58896,0.27204655526644067,0.027570531717230316,1.6420861711800299,0.37,7:38:42,0.25,7:38:11,0.4989582134880422,2.01787069577191e-09,1.720901046205478e-10,1.8503493549908462e-08,6.647551386448594e-07,0.42184919451231634,0.07919190655104855,1.028888888888889,130.0,2.556,0.23177479207515717,nan,nan,56.53243403834156,58.350866381494306,nan,nan,nan,nan,0.941616,408.8358243637796,nan,nan,149.7,nan,nan,nan,808.2543659823355
c0124,20100815,55423.31752,False,07:37:13.618,07:37:56.758,1.59099,0.27204655526644067,0.027570531717230316,1.638735141960411,0.37,7:38:42,0.25,7:38:11,0.4989582134880422,2.01787069577191e-09,1.720901046205478e-10,1.8503493549908462e-08,6.647551386448594e-07,0.42184919451231634,0.07919190655104855,1.028888888888889,127.0,2.5608,0.24185548722743988,nan,nan,55.17975689917714,58.350866381494306,nan,nan,nan,nan,0.976184,402.8390318965408,nan,nan,195.4,nan,nan,nan,808.2543659823355
c0008,20100815,55423.24293,False,05:49:49.016,05:50:32.269,1.55171,0.2054229090787409,0.022970557472659293,2.528450533288397,0.49,5:50:21,0.16,6:10:19,0.8544610580491557,0.05435360878743433,0.012348758487671483,2.63185895181261e-09,0.009726435256698775,0.002360090907875438,0.06675004587930532,0.5144444444444445,119.0,2.7794,0.23511143028736115,nan,nan,55.26265645271813,58.350866381494306,nan,nan,nan,nan,0.975762,406.8323825834034,nan,nan,210.9,nan,nan,nan,1021.4333240981092
c0113,20100815,55423.31094,False,07:27:45.336,07:28:28.293,1.56953,0.3355240848286102,0.02422319427035564,2.5512868918103546,0.3,7:28:38,0.12,7:28:9,0.7875624230446141,2.2789284860407914e-10,3.812614955319428e-07,1.8253029106203496e-08,0.06512767189964916,0.006901589111753866,0.14040791620156534,2.057777777777778,123.0,2.5717,0.22228853404521942,nan,nan,56.693942752324155,58.350866381494306,nan,nan,nan,nan,0.955617,414.63779152368403,nan,nan,200.4,nan,nan,nan,678.6528357228245
c0114,20100815,55423.31152,False,07:28:34.996,07:29:18.232,1.57125,0.3355240848286102,0.027217250898680097,2.2650852683019864,0.3,7:28:38,0.15,7:29:38,0.704062054502743,4.611860016774492e-10,6.285954402254694e-09,9.623342564276517e-10,1.252870636875506e-06,0.1674094385480202,0.1285272463691252,1.5433333333333334,125.0,2.5547,0.2400030940771103,nan,nan,54.9943024487508,58.350866381494306,nan,nan,nan,nan,0.93579,403.9286012567193,nan,nan,136.3,nan,nan,nan,678.6528357228245
c0115,20100815,55423.31209,False,07:29:24.895,07:30:08.315,1.57301,0.3470938808571829,0.027417138252049222,2.2611188037504575,0.29,7:30:8,0.15,7:29:38,0.686859373719943,4.879944447617663e-10,6.651352853661547e-09,1.0182741224419997e-09,1.3256991942005832e-06,0.17714084060438828,0.13599845181885292,1.5433333333333334,125.0,2.5489,0.2139219045639038,nan,nan,59.48596023368832,60.47340542403716,nan,nan,nan,nan,0.93601,419.8937142494654,nan,nan,156.2,nan,nan,nan,659.7483115467845
c0116,20100815,55423.31267,False,07:30:14.887,07:30:58.342,1.5748,0.3470938808571829,0.026048066419404454,2.035945820100362,0.29,7:30:8,0.17,7:31:8,0.6001754086101216,3.0171085109392585e-09,4.731374710336564e-10,5.67993534066974e-07,0.003257105778854881,0.24685433271321205,0.14971258141403138,1.5433333333333334,126.0,2.5554,0.23964667320251465,nan,nan,58.66986596118778,58.350866381494306,nan,nan,nan,nan,0.965011,404.1388548080074,nan,nan,142.7,nan,nan,nan,659.7483115467845
c0117,20100815,55423.31336,False,07:31:14.065,07:31:56.851,1.57695,0.35949009088779654,0.026221670452013835,2.0315708014205667,0.28,7:31:38,0.17,7:31:8,0.5760941145043339,3.19882789230206e-09,5.016343740200957e-10,6.022035842705014e-07,0.003453280111007905,0.26172228209744125,0.15872971738317038,1.5433333333333334,129.0,2.5503,0.20600946247577667,nan,nan,57.355632419786694,59.421613790989255,nan,nan,nan,nan,0.965034,424.99368637058654,nan,nan,154.8,nan,nan,nan,640.7348044061122
c0118,20100815,55423.31393,False,07:32:03.446,07:32:46.635,1.57879,0.3871431748022424,0.026239703532535408,1.7855522687671845,0.26,7:33:8,0.21,7:32:38,0.3065631328877225,2.5774243998101953e-08,5.291945842163486e-11,1.0213729669460613e-10,0.012064539743792402,0.5031461461331603,0.17822615530602412,1.5433333333333334,130.0,2.5526,0.20834402740001678,nan,nan,56.91895486741579,59.421613790989255,nan,nan,nan,nan,0.949553,423.4752788659415,nan,nan,118.5,nan,nan,nan,602.3622485892957
c0127,20100815,55423.31925,False,07:39:43.419,07:40:26.847,1.59731,0.3871431748022424,0.026668042464470184,1.828033716633811,0.26,7:40:11,0.19,7:39:41,0.41098165771105877,2.2621012019610752e-10,8.184693439822799e-09,8.417758412146063e-08,0.0008719371905740873,0.3989523938004078,0.18919391870947178,0.5144444444444445,127.0,2.5707,0.23971441388130188,nan,nan,56.38862974692308,57.26009980271185,nan,nan,nan,nan,0.940217,404.0988904306154,nan,nan,157.6,nan,nan,nan,602.3622485892957
c0129,20100815,55423.32059,False,07:41:38.631,07:42:21.405,1.60237,0.40262890179433214,0.030882411224414943,2.5331478283929143,0.25,7:41:41,0.11,7:42:44,0.7582162520864898,1.844113003599704e-08,5.707968820665749e-09,1.2850247755242378e-09,1.7562980986663847e-08,0.0705446402964331,0.1712390646199725,0.5144444444444445,120.0,2.5597,0.20253635942935944,nan,nan,58.51010266808391,60.47340542403716,nan,nan,nan,nan,0.937096,427.2745293018638,nan,nan,130.1,nan,nan,nan,582.9929411948972
c0018,20100815,55423.24901,False,05:58:34.626,05:59:17.828,1.53874,0.28759207271023723,0.023712237033655995,2.564668885258745,0.35,5:59:19,0.16,6:10:19,0.7450083615800152,0.0952302907590731,0.021635653777719237,4.611150920965645e-09,0.017041209925307818,0.004134999467170279,0.11694947987956346,0.0,120.0,2.731,0.2466038316488266,nan,nan,54.63980897390734,56.14814735467271,nan,nan,nan,nan,0.966631,400.07054054672597,nan,nan,119.7,nan,nan,nan,771.6789603523199
c0100,20100815,55423.30314,False,07:16:31.111,07:17:14.409,1.54906,0.314553829526822,0.02350392146324937,2.8170774961005156,0.32,7:16:39,0.12,7:17:39,0.8119625634658715,0.01280287878152683,0.04956265952545614,4.0057491945231676e-09,0.004839876145440825,0.006382041089579284,0.1144499769863762,2.057777777777778,111.0,2.5625,0.2698771357536316,nan,nan,54.30817863616186,55.0137244086197,nan,nan,nan,nan,0.92064,386.9701339801381,nan,nan,290.4,nan,nan,nan,716.1515525672409
c0101,20100815,55423.30372,False,07:17:21.053,07:18:04.418,1.5504,0.28759207271023723,0.022825010702564853,2.812692840945406,0.35,7:18:9,0.12,7:17:39,0.8380500275196263,0.011026665245787411,0.04268656015604066,3.450009656447122e-09,0.004168413604278726,0.005496625554339483,0.09857170446991777,2.057777777777778,111.0,2.5602,0.26275569200515747,nan,nan,55.67960380405472,57.26009980271185,nan,nan,nan,nan,0.966518,390.9005799735037,nan,nan,198.8,nan,nan,nan,771.6789603523199
c0102,20100815,55423.3043,False,07:18:11.089,07:18:54.119,1.55177,0.28759207271023723,0.0286166928947386,3.7744357058491835,0.35,7:18:9,0.07,7:19:9,0.9382673618408058,2.238747186265929e-09,4.895171086387442e-09,5.747231582652832e-10,1.9714340893983554e-10,1.1945554016269696e-08,0.061732618307855286,2.057777777777778,110.0,2.5671,0.2517489194869995,nan,nan,55.96199031266723,53.85541101182941,nan,nan,nan,nan,0.903885,397.1091161739247,nan,nan,175.7,nan,nan,nan,771.6789603523199
c0103,20100815,55423.30492,False,07:19:00.952,07:19:48.017,1.55328,0.3871431748022424,0.03261171272187671,3.771594713168369,0.26,7:19:39,0.07,7:19:9,0.8986852529809113,3.6742007401549574e-09,8.033886693025393e-09,9.432276526964964e-10,3.235490204017052e-10,1.9604877083662648e-08,0.10131471443934753,2.057777777777778,121.0,2.5498,0.2278342992067337,nan,nan,56.04750308041824,57.26009980271185,nan,nan,nan,nan,0.879116,411.2264345193146,nan,nan,147.6,nan,nan,nan,602.3622485892957
c0104,20100815,55423.30549,False,07:19:54.685,07:20:37.576,1.55469,0.3871431748022424,0.035878465840029655,3.8285005280762805,0.26,7:19:39,0.07,7:20:39,0.9014271694888224,1.3600026620275068e-08,1.3188735492645782e-08,3.989523938004077e-09,1.4669383552111214e-09,2.4677467657757185e-08,0.09857277358848564,1.5433333333333334,123.0,2.5611,0.19865375757217407,nan,nan,58.36720208641249,62.5239307760551,nan,nan,nan,nan,0.917489,429.85632869217966,nan,nan,168.1,nan,nan,nan,602.3622485892957
c0105,20100815,55423.30621,False,07:20:56.274,07:21:39.056,1.55649,0.4376401106460132,0.03702118838031427,3.822329197533452,0.23,7:21:8,0.07,7:20:39,0.8790795520403917,1.6683312254077745e-08,1.6178776601232652e-08,4.893995832597403e-09,1.7995104951474989e-09,3.027213917070559e-08,0.12092037813187399,1.5433333333333334,127.0,2.5494,0.2178332507610321,nan,nan,54.79780640476852,56.14814735467271,nan,nan,nan,nan,0.907832,417.4197324639448,nan,nan,144.2,nan,nan,nan,543.8592079446559
c0106,20100815,55423.30678,False,07:21:45.771,07:22:28.849,1.55797,0.3871431748022424,0.03307705750144992,3.4204912860401206,0.26,7:22:39,0.07,7:23:39,0.8816852076972375,7.677434382413345e-09,6.5669483378142724e-09,1.3353251943697496e-09,6.292754252728081e-10,2.837908780642076e-08,0.11831474771469139,1.5433333333333334,120.0,2.5497,0.22999322414398193,nan,nan,54.82943275418754,55.0137244086197,nan,nan,nan,nan,0.975054,409.9133109621238,nan,nan,153.9,nan,nan,nan,602.3622485892957
c0107,20100815,55423.30736,False,07:22:35.555,07:23:18.573,1.55948,0.3871431748022424,0.035334566905251,3.4151936829125114,0.26,7:22:39,0.07,7:23:39,0.8816852076972375,7.677434382413345e-09,6.5669483378142724e-09,1.3353251943697496e-09,6.292754252728081e-10,2.837908780642076e-08,0.11831474771469139,1.028888888888889,118.0,2.5549,0.24201536178588867,nan,nan,52.805290429534416,53.85541101182941,nan,nan,nan,nan,0.903944,402.74525459621384,nan,nan,172.9,nan,nan,nan,602.3622485892957
c0108,20100815,55423.30793,False,07:23:25.216,07:24:08.547,1.56102,0.3355240848286102,0.034576605153282765,3.4088188026412336,0.3,7:24:9,0.07,7:23:39,0.9067907097332173,6.048341005605892e-09,5.173491681580755e-09,1.051979310617882e-09,4.957479502809114e-10,2.2357260502864637e-08,0.09320925513996223,1.028888888888889,118.0,2.5559,nan,nan,nan,nan,56.14814735467271,nan,nan,nan,nan,0.942025,nan,nan,nan,193.5,nan,nan,nan,678.6528357228245
c0109,20100815,55423.30851,False,07:24:15.247,07:24:58.433,1.56259,0.3355240848286102,0.029574627120912838,3.4887405009468777,0.3,7:24:9,0.07,7:25:8,0.9105709235659206,2.775756497215561e-09,7.657631737454602e-09,1.5012846424628908e-09,5.627117257001194e-10,2.192523614532136e-08,0.08942904201145854,2.057777777777778,111.0,2.5638,0.23457030951976776,nan,nan,55.48072780857028,57.26009980271185,nan,nan,nan,nan,0.964625,407.15601722662575,nan,nan,183.2,nan,nan,nan,678.6528357228245
c0110,20100815,55423.30909,False,07:25:05.130,07:25:48.466,1.56419,0.3050218952987364,0.02562200133665345,3.4821814226799397,0.33,7:25:38,0.07,7:25:8,0.9237059030193986,2.3680646590284613e-09,6.532909895918985e-09,1.2807820529375725e-09,4.800629133672483e-10,1.8704946528512752e-08,0.07629406761383525,2.5722222222222224,113.0,2.5697,0.23597656190395355,nan,nan,57.00042675177749,58.350866381494306,nan,nan,nan,nan,0.934163,406.315966400463,nan,nan,179.9,nan,nan,nan,734.7533458749043
c0111,20100815,55423.30979,False,07:26:05.832,07:26:48.624,1.56618,0.3050218952987364,0.02297994305223211,2.300350545071176,0.33,7:25:38,0.14,7:26:38,0.7637482096471844,1.9718515059614423e-10,8.200690842549925e-09,1.4466387216633014e-08,0.0003667275230713337,0.1225496496695663,0.11333539029591469,2.5722222222222224,113.0,2.5572,0.23699815571308136,nan,nan,56.52553885034343,55.0137244086197,nan,nan,nan,nan,0.896331,405.70774829826524,nan,nan,162.5,nan,nan,nan,734.7533458749043
c0112,20100815,55423.31036,False,07:26:55.227,07:27:38.682,1.56783,0.3355240848286102,0.025417831809175,2.2967604554306305,0.3,7:28:38,0.14,7:26:38,0.7230745201359154,2.3113303128565367e-10,9.612541955337936e-09,1.695695603357366e-08,0.0004298642357555616,0.14364809888313992,0.13284748994455797,2.057777777777778,128.0,2.5784,0.23335331678390503,nan,nan,55.230618823946514,56.14814735467271,nan,nan,nan,nan,0.960825,407.8856746233454,nan,nan,208.9,nan,nan,nan,678.6528357228245
c0130,20100815,55423.32116,False,07:42:28.119,07:43:11.272,1.6046,0.45753284294810476,0.03099750116706295,2.527836226877853,0.22,7:43:14,0.11,7:42:44,0.7008038608295828,2.2820040454843277e-08,7.063345855070537e-09,1.5901583745517774e-09,2.17333718617555e-08,0.0872957103113846,0.2119003756521161,0.5144444444444445,120.0,2.5646,0.20634283125400543,nan,nan,60.17093790418803,62.5239307760551,nan,nan,nan,nan,0.920261,424.7761568108201,nan,nan,184.6,nan,nan,nan,524.0815326923093
c0131,20100815,55423.32174,False,07:43:18.010,07:44:01.272,1.60689,0.45753284294810476,0.030121614981296976,2.433371644733637,0.22,7:43:14,0.12,7:44:13,0.6534649822204067,2.2820040454843274e-08,7.69723586770507e-10,2.0827814700849013e-09,0.0007932680729540755,0.1338413483819776,0.21190037565211606,1.028888888888889,120.0,2.5488,0.21856243908405304,nan,nan,57.3565699750307,59.421613790989255,nan,nan,nan,nan,0.939847,416.9618181596297,nan,nan,161.6,nan,nan,nan,524.0815326923093
c0132,20100815,55423.32232,False,07:44:07.975,07:44:51.325,1.6092,0.4194051060357627,0.02885329121694758,2.427595527694148,0.24,7:44:44,0.12,7:44:13,0.7002451681770344,1.9739469426681508e-08,6.658154370110825e-10,1.8016182413241055e-09,0.0006861815562608333,0.11577355481204471,0.18329507324775685,1.5433333333333334,122.0,2.5623,0.16329355537891388,nan,nan,66.75334444303859,68.30716937493325,nan,nan,nan,nan,0.923637,455.1773300778154,nan,nan,144.7,nan,nan,nan,563.4940361183195
c0133,20100815,55423.32289,False,07:44:58.075,07:45:41.144,1.61156,0.4194051060357627,0.025345132613765187,1.997733772059982,0.24,7:44:44,0.15,7:45:44,0.5487595036190008,3.1645816064997333e-10,3.791231429568987e-10,1.411528726463495e-07,5.2481922682050035e-05,0.2161941889588927,0.2349936836509703,1.5433333333333334,122.0,2.5535,0.15036816895008087,nan,nan,66.00495129140232,70.12901356874188,nan,nan,nan,nan,0.962244,465.4183407279792,nan,nan,159.1,nan,nan,nan,563.4940361183195
c0134,20100815,55423.32347,False,07:45:47.891,07:46:35.248,1.61394,0.40262890179433214,0.025201598541380467,1.9929634381546746,0.25,7:46:14,0.15,7:45:44,0.578439293812934,2.956435132755079e-10,3.5418678323105404e-10,1.3186871557486766e-07,4.9029988587769874e-05,0.20197428134663414,0.21953726233329796,1.5433333333333334,123.0,2.5735,0.1775127649307251,nan,nan,60.578713053747904,65.4794292419564,nan,nan,nan,nan,0.973544,444.5680937407817,nan,nan,179.6,nan,nan,nan,582.9929411948972
c0135,20100815,55423.32427,False,07:46:56.617,07:47:42.737,1.61727,0.40262890179433214,0.02801409945635556,2.0862537223134305,0.25,7:47:44,0.16,7:47:14,0.553441400737757,2.7076262354440094e-08,2.2246442583107538e-08,1.0976863116664903e-05,0.0001551396653821973,0.27076262354440095,0.17562980986663843,1.5433333333333334,125.0,2.5829,0.17420898377895355,nan,nan,65.4964068206535,68.30716937493325,nan,nan,nan,nan,0.97713,446.9772534218316,nan,nan,179.2,nan,nan,nan,582.9929411948972
c0136,20100815,55423.32488,False,07:47:49.273,07:48:32.463,1.61988,0.40262890179433214,0.025695115322690778,1.6305788543734567,0.25,7:47:44,0.22,7:48:43,0.19502733898841518,2.4002740681773916e-09,1.975835360999682e-09,6.029956805421253e-08,2.634447147999576e-06,0.6029956805421252,0.20197428134663417,1.5433333333333334,124.0,2.5774,0.1554299294948578,nan,nan,66.24383180072734,69.22408515878199,nan,nan,nan,nan,0.929963,461.3339465107828,nan,nan,154.4,nan,nan,nan,582.9929411948972
c0137,20100815,55423.32545,False,07:48:39.119,07:49:22.295,1.62237,0.3728045386984557,0.025755002937457003,1.6265042783402328,0.27,7:49:14,0.22,7:48:43,0.2919321563466334,2.1113224907485404e-09,1.7379788795795912e-09,5.3040540621243825e-08,2.3173051727727883e-06,0.5304054062124381,0.17766006324591377,1.028888888888889,123.0,2.5449,0.16484206914901733,nan,nan,62.37197869708683,68.30716937493325,nan,nan,nan,nan,0.962628,453.9904471831186,nan,nan,160.4,nan,nan,nan,621.6077578918294
c0138,20100815,55423.32603,False,07:49:29.035,07:50:12.296,1.62491,0.3728045386984557,0.025755002937457003,1.6224381990285393,0.27,7:49:14,0.22,7:48:43,0.2919321563466334,2.1113224907485404e-09,1.7379788795795912e-09,5.3040540621243825e-08,2.3173051727727883e-06,0.5304054062124381,0.17766006324591377,1.028888888888889,123.0,2.5598,0.1487266570329666,nan,nan,69.63163714960905,69.22408515878199,nan,nan,nan,nan,0.994473,466.7645685914704,nan,nan,167.1,nan,nan,nan,621.6077578918294
c0139,20100815,55423.32661,False,07:50:18.936,07:51:01.851,1.62748,0.35949009088779654,0.025028462723453587,1.5394410650756198,0.28,7:50:44,0.2,7:51:45,0.2572375874805905,6.90656022201581e-09,1.9386835710921573e-09,1.9629171157308095e-08,4.240870311764094e-06,0.5694882990083212,0.17326984416636154,1.028888888888889,122.0,2.5533,0.14169585704803467,nan,nan,68.4977123795998,70.12901356874188,nan,nan,nan,nan,0.979489,472.65818998015106,nan,nan,148.2,nan,nan,nan,640.7348044061122
c0140,20100815,55423.32718,False,07:51:08.505,07:51:51.388,1.63006,0.4194051060357627,0.025329269669792376,1.5356699235226132,0.24,7:52:15,0.2,7:51:45,0.03965362614473895,8.929759978736872e-09,2.5065992922770164e-09,2.53793178343048e-08,5.483185951855974e-06,0.7363135421063737,0.22402731174725835,1.028888888888889,122.0,2.5696,0.1806103140115738,nan,nan,63.93074493974025,68.30716937493325,nan,nan,nan,nan,0.93022,442.33809591460056,nan,nan,186.0,nan,nan,nan,563.4940361183195
c0141,20100815,55423.32915,False,07:53:58.697,07:54:41.489,1.63921,0.3871431748022424,0.031710747909019496,2.0003163151104606,0.26,7:53:45,0.18,7:54:44,0.4784168645972293,1.6177451020085264e-08,7.622595565396106e-10,2.4951661742843374e-08,6.594367746322891e-05,0.392097541673253,0.12941960816068213,1.028888888888889,122.0,2.5532,0.15556983649730682,nan,nan,65.73676998392762,70.12901356874188,nan,nan,nan,nan,0.958315,461.22245411249935,nan,nan,175.2,nan,nan,nan,602.3622485892957
c0142,20100815,55423.32972,False,07:54:47.996,07:55:35.631,1.64194,0.4194051060357627,0.0319849693991945,1.9951228920981963,0.24,7:55:14,0.18,7:54:44,0.40398061575013516,1.8486169780543e-08,8.710432540662634e-10,2.851256694965107e-08,7.535464122407782e-05,0.4480546234945168,0.14788935824434402,1.028888888888889,122.0,2.5687,0.16940756142139435,nan,nan,65.20519237396238,68.30716937493325,nan,nan,nan,nan,0.952133,450.5373774177683,nan,nan,195.6,nan,nan,nan,563.4940361183195
c0143,20100815,55423.33035,False,07:55:42.164,07:56:25.169,1.64498,0.4376401106460132,0.03324979431477472,1.9821390769682468,0.23,7:56:45,0.18,7:56:15,0.32610803170167496,5.263988644683803e-10,3.582203135200161e-08,1.3185198394351765e-07,3.4644781495363055e-07,0.528080649977864,0.14581080367223187,1.028888888888889,121.0,2.5645,0.1977732926607132,nan,nan,60.434588091600666,62.5239307760551,nan,nan,nan,nan,0.960782,430.44663656526114,nan,nan,148.4,nan,nan,nan,543.8592079446559
c0021,20110823,55796.25373,False,06:05:22.875,06:06:05.350,1.51587,0.13980170201192088,0.009700524824601292,3.0870291990394225,0.72,6:5:1,0.21,6:6:1,0.8687745845906485,7.908122582979895e-07,2.174106081543044e-11,0.048955044561304104,0.05523133232557387,0.009539957401690032,0.017498290286784082,3.086666666666667,93.0,2.2657,0.31572622060775757,0.28435444928554043,0.016413419788442636,53.87606079680044,58.350866381494306,52.10512694155972,56.36749620241014,0.49095013522992964,3.824594547960703,0.921964,363.0520458562561,379.23700411923926,8.765095653336655,109.3,437.03623722470456,369.78454507499185,232.36060372791272,1407.6360137549527
c0022,20110823,55796.25432,False,06:06:13.826,06:06:56.300,1.51594,0.14802533154203387,0.009997796890994937,3.088090397523994,0.68,6:6:31,0.21,6:6:1,0.8556587055267458,8.698533336089921e-07,2.3914063076361493e-11,0.053848063509128075,0.06075166139491373,0.01049346878639419,0.019247230905570394,3.086666666666667,93.0,2.2569,0.2947499752044678,0.3123265049626396,0.014772265430934926,56.8620344740407,55.0137244086197,51.83132813578126,55.25867528471416,0.48774300550089716,3.274762785322306,0.909164,373.71998802163336,364.7676486388352,7.435610947841858,119.7,413.892717324056,345.5277039478224,227.43692693183206,1342.1592528790425
c0026,20110823,55796.25676,False,06:09:44.791,06:10:27.266,1.5165,0.22876642147405238,0.012365663524866408,3.510027487245249,0.44,6:10:59,0.18,6:10:29,0.77367075778687,8.671072019709247e-10,0.0005390896749095551,0.08671072019709247,0.08728118546154702,0.018368981515436693,0.03342926449703696,3.6011111111111114,100.0,2.2407,0.27128344774246216,0.4743177371642108,0.0033260147699870554,57.90951685272095,57.26009980271185,50.57142857142858,50.53254121126316,0.0,0.0,0.883115,386.201597662846,291.95160520389015,1.3729872821864053,123.3,322.36730454382365,256.2426071975556,195.56620810763445,933.8071313532055
c0027,20110823,55796.25735,False,06:10:35.809,06:11:18.284,1.5167,0.22876642147405238,0.012004936741685544,3.397177387341022,0.44,6:10:59,0.18,6:11:59,0.7755173525985908,2.1164261311264023e-09,6.161024856109203e-05,0.04512380241835537,0.13520026767572974,0.008043560228809239,0.036053404713527935,3.6011111111111114,105.0,2.2154,0.2683507800102234,0.46996260367379455,0.006648547877618058,57.68848029510733,53.85541101182941,50.57142857142858,50.53254121126316,0.0,0.0,0.976279,387.8070893475056,293.75639462815127,2.7558712759843234,104.4,324.03677734617327,257.7147677583234,196.37956506952477,933.8071313532055
c0029,20110823,55796.25853,False,06:12:17.796,06:13:00.271,1.51718,0.17659162359400535,0.010754193351218605,3.623112011387836,0.57,6:12:29,0.19,6:13:28,0.845205839650985,0.006595973605468759,0.008300551054073044,0.05521348692218231,0.060401331330977956,0.0015304141005947176,0.022752403335718076,3.6011111111111114,92.0,2.2057,0.3215952515602112,0.41259975978201036,0.01819140510391431,53.839855846738494,53.85541101182941,50.84331426328432,50.40459668278511,0.27189455814322466,3.5936547571765893,0.871693,360.14032508024155,318.142558571752,7.98719252954888,146.0,352.02090521653423,286.18415128944747,204.87587697476863,1158.623507103811
c0015,20110823,55796.2501,False,06:00:10.069,06:00:52.544,1.51602,0.1677620424143051,0.010211502998261552,3.145544502080755,0.6,6:1:0,0.18,6:3:2,0.861661933948216,6.701897917550543e-09,8.16474873204127e-05,0.00796063001374024,0.09117302750779419,0.017860387851340278,0.02126236648969081,3.6011111111111114,99.0,2.3146,0.3774976432323456,0.3899130143600606,0.009074308480011308,52.994256639436806,51.46062707686444,50.86305899337344,50.53254121126316,0.2372458962176746,0.0,0.894599,333.73281564487047,328.08798997717554,4.045202493810318,189.4,365.9531212667425,299.10979936973365,210.7840350119934,1209.2218828155414
c0023,20110823,55796.25491,False,06:07:08.127,06:07:50.602,1.51603,0.15023466484863138,0.009375204881876473,3.088111874495814,0.67,6:8:0,0.21,6:6:1,0.8520502919609539,8.915989510409154e-07,2.4511894971474053e-11,0.055194220778723324,0.062270402929841706,0.010755796869699932,0.01972839583731803,3.6011111111111114,87.0,2.2365,0.2751932144165039,0.3232543975703872,0.032369794142430595,59.08355817169798,60.47340542403716,52.007575631262505,51.7383122631815,0.8848546402834705,2.088456724218339,0.923267,384.07774944179,359.678270902559,15.884469398986393,114.5,406.5211020810984,337.1125211534958,226.80165476697312,1325.6909497163847
c0024,20110823,55796.25558,False,06:08:02.393,06:08:44.868,1.51617,0.15023466484863138,0.009425751651722351,3.1214387163369395,0.67,6:8:0,0.17,6:9:0,0.8626881005939783,0.0023266486912877225,0.014322192673863596,0.03538091075559189,0.05349593706245493,0.011520024542020718,0.02026618568080303,3.6011111111111114,94.0,2.2386,0.2705337107181549,0.3296536507609499,0.021484795398048026,57.937272643390386,58.350866381494306,51.68019113086233,55.16172515049179,0.3976278960788465,4.629183939228636,0.957444,386.61102517447887,356.29670091486844,10.51893883616745,90.2,400.46603443220926,331.3971205982874,224.5917449827327,1325.6909497163847
c0025,20110823,55796.25617,False,06:08:53.709,06:09:36.184,1.51632,0.1184202652336271,0.008100401913221731,3.1146528996608915,0.85,6:9:30,0.17,6:9:0,0.9076433929458082,0.0015649144747391466,0.009633171827469686,0.0237973612338678,0.035981610185608116,0.007748420817747357,0.013631128514759476,3.6011111111111114,122.0,2.2175,0.2987605333328247,0.23640202699469126,0.017518730827914886,56.95662354624418,53.85541101182941,52.056541769200706,52.94408331509984,0.9421097284826159,2.411542103836684,0.904554,371.6470054350657,406.2148532536502,10.340759986367663,131.7,470.0733042102307,405.9794225650886,236.27582739274197,1616.4504405983319
c0028,20110823,55796.25794,False,06:11:26.767,06:12:09.241,1.51693,0.17659162359400535,0.010569591934115033,3.3920093209151574,0.57,6:12:29,0.18,6:11:59,0.8541815502240525,1.374778768330848e-09,4.002051401070932e-05,0.029311320909695435,0.08782279463461212,0.00522490044028705,0.023419411902563234,3.6011111111111114,105.0,2.2261,0.27467048168182373,0.41026863749927744,0.008340372141237591,60.87013267666248,60.47340542403716,50.69896478887706,50.53254121126316,0.2208992084259347,0.0,0.998403,384.36063805669477,319.0963177922411,3.6427703733191312,115.9,356.4328026299608,289.2819807778989,208.19977392248558,1158.623507103811
c0030,20110823,55796.2592,False,06:13:15.518,06:13:57.993,1.5175,0.19736710872271185,0.010756760870391797,3.6243885598358765,0.51,6:13:58,0.19,6:13:28,0.8136787573268938,0.007939382183662396,0.009991132635620093,0.06645887333515152,0.07270333123241407,0.0018421150796924545,0.02738640820656579,4.115555555555556,105.0,2.1969,0.3438854515552521,0.4463072857524836,0.007246408175659844,53.52682961980728,53.85541101182941,50.57142857142858,50.53254121126316,0.0,0.0,0.952081,349.341329163164,303.63863875848875,3.0580503539210855,154.6,335.31302325323446,269.25036708542007,199.8397304173654,1056.0596172796113
c0033,20110823,55796.26102,False,06:15:52.816,06:16:35.290,1.51855,0.17974504544389827,0.01035566392277517,3.3099800634082372,0.56,6:16:57,0.21,6:17:57,0.8036769656056828,0.017937757389735236,4.579852950570699e-09,0.09388698548669931,0.053049963344110586,0.00374021324296607,0.027708110350952726,3.6011111111111114,102.0,2.1841,0.3824238181114197,0.41318188875674555,0.00587164160421327,53.28965289237558,55.0137244086197,50.77253417952766,51.7383122631815,0.3483251309146487,2.088456724218339,0.892947,331.5046249532499,317.8183525788676,2.5550687748223333,118.9,352.8968161067726,285.4368752507453,207.48841682467506,1141.6596318266127
c0042,20110823,55796.26651,False,06:23:46.974,06:24:29.449,1.5232,0.1525109476493682,0.007954107494186917,2.5422816080870714,0.66,6:24:53,0.16,6:24:24,0.90282021833509,3.97616447533877e-11,0.00015585403819393573,0.0002028714575373577,0.047597881310624694,0.015266149737432066,0.0339570250813603,4.115555555555556,102.0,2.1244,0.3264898657798767,0.3258287576724853,0.009942218913940672,55.019381611897984,53.85541101182941,52.00960522253978,52.84713318087748,0.07520254479858014,4.008990890162917,0.953763,357.73469241446327,358.01536776895375,4.871516780098778,138.6,403.16884459799473,330.54018638494205,230.8323155764259,1309.1816279785553
c0043,20110823,55796.2671,False,06:24:37.795,06:25:20.270,1.52384,0.1525109476493682,0.007926527666834113,2.4041539809918557,0.66,6:24:53,0.2,6:25:53,0.8647572945178466,1.0506361606369597e-09,8.793998803121514e-05,0.0008068421344118087,0.07923305852317404,0.022318762638945357,0.03279610114695482,4.115555555555556,90.0,2.1228,0.32318368554115295,0.3102773005017809,0.022689542575186003,54.3471071340039,53.85541101182941,52.61913046806329,56.464446336632506,0.28373077282341425,1.9205341659445785,0.948936,359.35741783690605,365.9494576345779,11.676500133443621,194.9,414.24789157751565,335.5712129455839,242.62821526130037,1309.1816279785553
c0074,20110823,55796.2859,False,06:51:42.627,06:52:25.102,1.55858,0.17659162359400535,0.0089225526142793,1.6638701639800744,0.57,6:51:41,0.63,6:52:40,0.11984727146378946,5.46573717430926e-11,0.004930433018062477,0.33808683552428415,0.5099476435824619,0.011044169960459947,0.016143646396284565,4.115555555555556,98.0,1.9139,0.38260629773139954,0.3619741123094381,0.01894193216322456,52.95732298404305,53.85541101182941,52.31503363826155,52.94408331509984,1.2963143728361948,2.411542103836684,0.955214,331.42233828258975,340.88897679843853,8.846768679420306,148.1,381.6485990343774,295.42324659782764,241.55410938753886,1158.623507103811
c5260,20120724,56132.28059,False,06:44:02.469,06:44:44.944,1.62207,0.18640226934922785,0.03328464498558294,2.9330626894870746,0.54,6:44:37,0.12,6:45:37,0.916527208066616,3.4954358195419237e-10,0.00164634216094434,0.0006447497625373154,0.037427926466788816,0.01025922578125414,0.03349454741231588,0.0,261.0,4.2768,0.3117225170135498,0.4274938687051617,0.038571003418939404,55.45212819561628,58.350866381494306,50.585763062101535,50.40459668278511,0.02482806614618256,3.5936547571765893,0.908303,365.05594100863874,311.9637513522508,16.87752512638247,163.3,342.2604403052194,277.34710712969445,200.2794079335162,1107.5791093838425
c5262,20120724,56132.28177,False,06:45:48.02,06:46:30.478,1.617,0.22876642147405238,0.03173629766828572,2.950460864739894,0.44,6:46:7,0.12,6:45:37,0.8825697248202886,4.917410579598269e-10,0.002316088973685496,0.0009070397704827436,0.052653943909155496,0.01443277119070026,0.0471204308439463,0.5144444444444445,259.0,4.2894,0.32984015345573425,0.4775253720309414,0.007880347761175114,54.09240923155265,52.67163104744902,50.57142857142858,50.53254121126316,0.0,0.0,0.932117,356.09955877904287,290.636834702933,3.253706011209014,150.7,317.90543177334797,253.37750510811978,191.96684145846345,933.8071313532055
c5267,20120724,56132.28484,False,06:50:09.899,06:50:52.374,1.6045,0.3050218952987364,0.03238051206529806,2.989861143051328,0.33,6:52:11,0.12,6:45:37,0.8103244699991127,7.94269158008768e-10,0.00374098930570255,0.0014650672404106046,0.08504761401880429,0.023312076215338554,0.07610978242636222,0.5144444444444445,257.0,4.2818,0.3207532465457916,0.514236084120341,0.010358109087264348,54.719868023024134,56.14814735467271,50.57142857142858,49.198825630866764,0.0,2.3100631480927643,0.914901,360.5562128269116,275.6933466423169,4.18535796008056,171.3,302.1138584106924,237.18886327246307,187.0801488208001,734.7533458749043
c5300,20120724,56132.30508,False,07:19:19.170,07:20:01.646,1.54416,0.25164306362145755,0.027841554989590376,2.4037897602480416,0.4,7:20:52,0.17,7:20:22,0.7633548452696856,9.628962738918823e-12,8.559077990150065e-10,2.099648819458688e-08,0.061718976444597735,0.10899450878081723,0.06593164764287471,0.0,250.0,4.269,nan,0.47260190671117763,0.00957911487688489,nan,52.67163104744902,50.93216773440247,54.14985436701819,0.6248185585506426,2.088456724218339,0.988482,nan,292.67194064697037,3.9643176456157487,175.1,320.3178878196268,251.35684634593727,198.07064868295114,862.5082978784359
c5301,20120724,56132.30568,False,07:20:10.341,07:20:52.817,1.54293,0.25164306362145755,0.027841554989590376,2.4068565160245754,0.4,7:20:52,0.17,7:20:22,0.7633548452696856,9.628962738918823e-12,8.559077990150065e-10,2.099648819458688e-08,0.061718976444597735,0.10899450878081723,0.06593164764287471,0.0,250.0,4.2533,nan,0.47341763720038044,0.009805056566050676,nan,52.67163104744902,50.920921931169744,54.14985436701819,0.605340255979649,2.088456724218339,0.926017,nan,292.3356290690025,4.056485103196169,118.9,319.3246403625875,251.21117726113323,196.7089737820598,862.5082978784359
c5304,20120724,56132.30745,False,07:22:43.605,07:23:26.082,1.53941,0.25164306362145755,0.02441701877447274,2.8699218170343617,0.4,7:20:52,0.22,7:21:52,0.6275463718348764,0.21397694975375167,0.010431376300495392,0.010899450878081725,0.01564706445074309,0.06472802730050987,0.056770759481542234,0.0,250.0,4.263,0.35197243094444275,0.4941549321274066,0.006897306052152332,52.14979011532905,52.67163104744902,50.57142857142858,51.7383122631815,0.0,2.088456724218339,0.940144,345.51684098359914,283.8239787521433,2.811803207092414,124.5,310.19350272049354,245.8167307325844,188.98465207322863,862.5082978784359
c5308,20120724,56132.30986,False,07:26:11.764,07:26:54.241,1.53504,0.22876642147405238,0.024417018774472752,2.88221564823252,0.44,7:32:58,0.22,7:21:52,0.6822508476988126,0.18254888462545793,0.008899258125491073,0.009298583810609263,0.01334888718823661,0.055221037599201016,0.0484325009521918,0.0,250.0,4.2818,0.3217562437057495,0.482296473515615,0.00994550839155883,53.14074035762922,52.67163104744902,50.57142857142858,51.7383122631815,0.0,2.088456724218339,0.927139,360.0608637420607,288.6803199839551,4.09157869205932,141.0,315.1698035542932,251.28280400399046,189.99442690626623,933.8071313532055
c5309,20120724,56132.31045,False,07:27:02.999,07:27:45.475,1.53404,0.22876642147405238,0.02684949396467836,2.549187477105919,0.44,7:32:58,0.15,7:32:28,0.8282214914668375,8.100606755254695e-09,0.001979514467657309,0.002994942638386418,0.06617397067672849,0.034456101973055174,0.06617397067672849,0.0,250.0,4.2727,nan,0.4656128767631312,0.015682919819854133,nan,56.14814735467271,50.7682826898199,52.944083315099846,0.34096133473294205,2.411542103836684,0.889372,nan,295.5921866129652,6.546080980465423,142.0,322.67553928837805,255.90727756950335,196.225992495845,933.8071313532055
c5261,20120724,56132.28118,False,06:44:53.494,06:45:35.973,1.61952,0.18640226934922785,0.03328464498558294,2.9404553411962406,0.54,6:44:37,0.12,6:45:37,0.916527208066616,3.4954358195419237e-10,0.00164634216094434,0.0006447497625373154,0.037427926466788816,0.01025922578125414,0.03349454741231588,0.0,259.0,4.2746,0.3053229749202728,0.4274181698538989,0.037558104106199544,54.996264304404335,57.26009980271185,50.57142857142858,50.40459668278511,0.0,3.5936547571765893,0.897675,368.2898236942037,311.9789651856725,16.433674672877267,160.6,342.06793938863245,277.0283202553368,200.36560489612881,1107.5791093838425
c5302,20120724,56132.30627,False,07:21:01.398,07:21:43.874,1.54173,0.25164306362145755,0.02441701877447274,2.8630150697104355,0.4,7:20:52,0.22,7:21:52,0.6275463718348764,0.21397694975375167,0.010431376300495392,0.010899450878081725,0.01564706445074309,0.06472802730050987,0.056770759481542234,0.0,250.0,4.2551,nan,0.4935024378760856,0.006597148653054348,nan,51.46062707686444,50.57142857142858,51.7383122631815,0.0,2.088456724218339,0.928092,nan,284.0894258181472,2.6918397704256383,119.6,310.55047995180985,246.11446339285573,189.1426309758688,862.5082978784359
c5303,20120724,56132.30686,False,07:21:52.397,07:22:34.874,1.54056,0.25164306362145755,0.02441701877447274,2.8664948336961595,0.4,7:20:52,0.22,7:21:52,0.6275463718348764,0.21397694975375167,0.010431376300495392,0.010899450878081725,0.01564706445074309,0.06472802730050987,0.056770759481542234,0.0,250.0,4.2603,nan,0.49386176156214956,0.00755919249371348,nan,51.46062707686444,50.57142857142858,51.7383122631815,0.0,2.088456724218339,0.979251,nan,283.9446315532533,3.083588664227655,130.3,310.7999767240916,246.05061431025808,189.6878925402397,862.5082978784359
c0058,20140806,56875.27304,False,06:33:11.098,06:33:53.574,1.53995,0.14177074006842683,0.004228118924204835,3.2357374119058324,0.71,6:34:1,0.16,6:33:31,0.917666054810525,3.3406407210639563e-11,0.00858287692950278,0.004651199773173662,0.0339203519369571,0.020198027744279,0.01498148877215605,10.803333333333335,105.0,2.7714,0.295943945646286,0.3013146308748127,0.013976468886063655,53.569623867786945,52.67163104744902,52.029178172375026,54.14985436701818,0.8087289579586194,2.088456724218339,1.031806,373.10111627638827,370.3469408189114,7.216906030682724,154.6,422.7762649261426,354.29993531287374,230.45914953080188,1391.3249710624711
c0033,20140806,56875.25785,False,06:11:19.017,06:12:01.494,1.57904,0.14588003688200443,0.004651064209490066,3.159317218232812,0.69,6:11:47,0.18,6:18:22,0.8976144119833361,2.5603074522021233e-11,1.0834143113528985e-10,2.403993944593994e-07,0.049319606710840916,0.04743306437763934,0.005632676394844672,10.28888888888889,104.0,3.0146,0.24226123094558716,0.3020924769957055,0.021770333438416122,56.78197399921633,58.350866381494306,52.03676329076157,54.05290423279581,0.9630765175007345,3.853819333909524,0.969552,402.601103227396,370.08792120146165,11.216717757466006,167.1,424.5989823170988,354.75447381696074,233.03985884103633,1358.5872404058484
c0059,20140806,56875.27363,False,06:34:02.112,06:34:44.588,1.53882,0.14177074006842683,0.004165532849205341,3.4554292529557413,0.71,6:34:1,0.12,6:35:5,0.9463441534401024,6.604189733180284e-10,2.7753015221146722e-09,1.3696626956362224e-08,0.016420534005845144,0.024078310427976368,0.013156984993728816,10.803333333333335,104.0,2.7605,0.27327388525009155,0.29997996714854147,0.015862412440462458,54.147323296626645,57.26009980271185,51.91255152156105,54.14985436701818,0.6206619881513316,2.088456724218339,0.981574,385.11803797506326,371.0596641528601,8.175424092811177,153.5,425.1230043802903,357.68884421659754,229.61335762368464,1391.3249710624711
c0060,20140806,56875.27422,False,06:34:53.096,06:35:35.572,1.53772,0.132443717695504,0.0040726515810020425,3.457044912746588,0.76,6:35:35,0.12,6:35:5,0.9520974853787556,5.896045175654458e-10,2.477715482376193e-09,1.2227984741726953e-08,0.01465981660405914,0.021496475990615674,0.011746206731264915,10.28888888888889,103.0,2.7635,nan,0.26750732248369735,0.02015292346860357,nan,56.14814735467271,52.10437884250046,56.36749620241014,0.8434095648868642,3.8245945479607024,1.001381,nan,388.4508040046955,11.319839384616083,145.5,455.7905120972832,392.3877528915422,231.81059350216205,1472.50897129117
c0062,20140806,56875.27545,False,06:36:39.703,06:37:22.179,1.5355,0.12582153181072878,0.004364965697120112,3.352495016570636,0.8,6:37:6,0.17,6:36:36,0.9281783868613549,8.951365379257491e-10,1.238447727765507e-09,6.760913615862718e-08,0.039807248392462725,0.024221341614461447,0.00779295338900064,9.260000000000002,103.0,2.7316,0.3050687611103058,0.24254039739100602,0.021792523608663336,53.721662782461806,52.67163104744902,52.59742113880567,57.57326725432848,0.8976570528436038,2.2176418353919516,0.995461,368.4190820589181,402.73717851846953,13.144029862211319,119.9,484.5410151615971,420.9445904801118,239.5476857483362,1536.8150739306088
c0064,20140806,56875.27664,False,06:38:21.897,06:39:04.374,1.5335,0.13788661020353843,0.004559605843679611,3.3365652185190826,0.73,6:38:37,0.17,6:38:7,0.915375273728425,2.257182771340683e-11,0.0010083718685011097,0.0011555794405450671,0.05054126640175877,0.02060906008615406,0.011310448452044077,9.774444444444445,104.0,2.6925,0.28376322984695435,0.2866784178157993,0.019304715473236884,54.11528661055141,56.14814735467271,52.27096110896345,56.36749620241014,0.7983474994488572,3.8245945479607024,0.97408,379.48602742413794,378.0669012631867,10.3297179948166,130.8,438.71607045401106,371.6586552596739,232.93586665233727,1423.9093417586237
c0065,20140806,56875.27723,False,06:39:13.082,06:39:55.558,1.53254,0.13420963393144406,0.00461239531312578,3.5895827481544655,0.75,6:40:9,0.13,6:39:39,0.9439217263377357,4.761139779269096e-10,9.49882566799992e-10,1.9959260848068968e-08,0.014916674382340614,0.03400814128049354,0.007153436614172778,9.260000000000002,106.0,2.7107,0.28795909881591797,0.28354969096478294,0.015899440485295745,53.472309360598345,56.14814735467271,52.14956476564399,54.05290423279582,0.7413918797201884,3.8538193339095246,0.969806,377.26848112372613,379.6589054421679,8.594737274306368,140.1,439.25660517091353,373.8374308318238,230.3229770688215,1456.3452444748614
c0066,20140806,56875.27782,False,06:40:04.395,06:40:46.871,1.5316,0.13420963393144406,0.004363892741537333,2.77119689069132,0.75,6:40:9,0.15,6:41:10,0.9362283159047979,6.379458226409822e-11,2.1460309842518334e-09,5.535118167032051e-07,0.008490308374854247,0.03822984157738239,0.01705097842132331,9.774444444444445,103.0,2.6983,nan,0.2621637335307283,0.022232059391421703,nan,52.67163104744902,52.91700908394354,55.25867528471416,1.1282552167731341,3.274762785322306,0.913887,nan,391.48808821696315,12.74325432740014,172.3,456.83080083021616,387.2969770795136,241.96003729072885,1456.3452444748614
c0067,20140806,56875.27845,False,06:40:58.738,06:41:41.215,1.53064,0.132443717695504,0.004304082836904918,2.7737169020510106,0.76,6:41:40,0.15,6:41:10,0.9376206749618834,6.240172325984485e-11,2.0991756170131634e-09,5.414267165192422e-07,0.008304935227964645,0.03739515033586291,0.0166786958859953,9.774444444444445,106.0,2.6798,0.317961722612381,0.2603339986050973,0.014294436201543253,53.37443655344847,51.46062707686444,52.956610305669614,52.94408331509984,0.9517736854932936,2.411542103836684,0.9769,361.9394179959771,392.3044419564036,8.169711011699805,167.9,453.1572163960203,382.3474668063933,242.80051898826287,1472.50897129117
c0068,20140806,56875.2791,False,06:41:54.854,06:42:37.330,1.52968,0.132443717695504,0.00438907841892631,2.773187355153321,0.76,6:41:40,0.19,6:42:42,0.9035127805322023,2.1129407030263642e-10,3.1430279730142445e-06,0.000564368526541244,0.06767833956490527,0.008213167987876639,0.02002820014920756,9.774444444444445,104.0,2.6696,0.2471647411584854,0.2593994844896086,0.02057895257839364,54.67871657063131,55.0137244086197,52.78783227098774,58.68208817202446,0.9019289186062646,1.9205341659445785,0.95219,399.7457722061032,392.98302169484356,11.75064815818745,178.3,459.92965089265783,392.6112660014991,239.47027467313495,1472.50897129117
c0069,20140806,56875.27969,False,06:42:46.084,06:43:28.560,1.52884,0.12275271396168665,0.004046037110456234,2.7740127183219614,0.82,6:44:44,0.19,6:42:42,0.914990128883574,1.8616021669156906e-10,2.769158489331701e-06,0.000497235757938393,0.059627865281230055,0.007236195176501817,0.017645805556106384,9.774444444444445,105.0,2.6627,0.2763184607028961,0.22618505382791837,0.01605308909153219,53.63112210039871,55.0137244086197,53.047240389573766,58.68208817202446,1.0311622647287626,1.9205341659445785,1.012641,383.4699429103162,412.3727631303631,9.902368998690076,128.2,493.1752968123534,429.1892157036873,242.80183203030128,1568.765992441452
c0070,20140806,56875.28028,False,06:43:37.410,06:44:19.886,1.52802,0.12275271396168665,0.004178969787411032,3.6164863005813874,0.82,6:44:44,0.13,6:44:14,0.9528656878130749,6.447894584648266e-10,0.0044266110157930106,0.0017888359584369014,0.02647881475200385,0.000877237068883181,0.013562812747018765,9.260000000000002,104.0,2.6491,0.28861576318740845,0.24060185426284605,0.020465058067562478,53.43230065368282,53.85541101182941,52.34571450150727,57.573267254328485,0.5348227016649318,2.2176418353919516,0.959574,376.92318051819274,403.81870829194213,12.139039221237171,156.3,487.54085918500135,429.09284848655346,231.42899035118407,1568.765992441452
c0140,20140806,56875.32248,False,07:44:23.238,07:45:05.714,1.53805,0.1597733737279096,0.005304523115293915,3.1430943519313628,0.63,7:44:28,0.15,7:45:29,0.9074794542714166,6.61756992680347e-09,5.613957426056024e-09,6.08440078578139e-09,0.01960180665522355,0.062412152390231776,0.010506568367199822,9.774444444444445,102.0,2.0749,0.308536171913147,0.34286677491714573,0.02964595506850697,50.83888861437785,55.0137244086197,52.08830476738066,54.14985436701818,0.9945613486782771,2.088456724218339,0.945649,366.6612822364025,350.08929443409545,14.425950325978542,130.4,392.95002431765334,317.0533622259875,231.9062697217401,1259.4001684630794
c0142,20140806,56875.32372,False,07:46:09.780,07:46:52.256,1.5404,0.13788661020353843,0.004569017427669489,2.710885485710024,0.73,7:46:0,0.18,7:47:1,0.9003797290787858,0.0007949208890373711,0.013984719344175976,0.009494888396835268,0.012954266339868271,0.04686107710065984,0.01553039885063753,9.774444444444445,101.0,2.0647,0.3133920133113861,0.2785862008613108,0.02521915199579167,52.838839524900116,53.85541101182941,52.954199810792936,54.14985436701818,1.0295139216007179,2.088456724218339,0.966781,364.21858727061664,382.5570816557065,13.921510455301723,139.8,441.97359681453673,367.4670948413623,245.20459549151133,1423.9093417586237
c0119,20140804,56873.29288,False,07:01:45.128,07:02:27.603,1.52027,0.1184202652336271,0.0028636232147263027,1.9915888852395074,0.85,6:53:9,0.39,6:51:7,0.7358588092260963,2.2464709004771207e-11,0.013688242181720763,0.05958859252960499,0.16543925529784897,0.0010566028387837306,0.024368497903480633,14.91888888888889,113.0,2.9974,0.2473553568124771,0.18372165472164168,0.02998313079406652,57.25906498245562,60.47340542403716,54.236149550786315,59.71415351798589,2.023016121968665,3.0286431624782577,0.911253,399.6355135440952,441.2816694672999,21.572179665637933,310.9,521.798763719011,445.7064655057626,270.4366730906105,1616.4504405983319
c0121,20140804,56873.29448,False,07:04:03.598,07:04:46.073,1.51906,0.1184202652336271,0.0026076126730957528,1.9941277167271858,0.85,6:53:9,0.39,6:51:7,0.7358588092260963,2.2464709004771207e-11,0.013688242181720763,0.05958859252960499,0.16543925529784897,0.0010566028387837306,0.024368497903480633,16.462222222222223,115.0,2.9694,0.2704130709171295,0.18153162161271147,0.023743228656747432,54.82428539169265,57.26009980271185,53.86112922665953,58.68208817202446,0.8310653803099016,1.9205341659445785,0.896647,386.67695930447036,442.43882950503274,17.85292492040947,220.3,533.1555164992214,461.8982469554294,265.2620994316841,1616.4504405983319
c0199,20150809,57243.27053,False,06:29:33.663,06:30:16.138,1.5315,0.12275271396168665,0.004882468766840204,2.951107456948489,0.82,6:30:57,0.14,6:30:27,0.9472561121315589,5.113847429203798e-07,0.02930861174840121,6.326617570516951e-10,0.0005942573692434452,2.4053274469377546e-09,0.02284050432806439,7.716666666666667,143.0,4.1494,0.23996742069721222,0.24711079207060482,0.020116184294058998,56.07625815670922,55.0137244086197,52.36195324408706,52.944083315099846,0.5204179867955542,2.411542103836684,1.020068,403.94962141465675,399.99044542280325,11.698346680224208,111.2,466.8513474437417,399.7656115258703,240.26826995259245,1568.765992441452
c0207,20150809,57243.27535,False,06:36:30.079,06:37:12.553,1.52504,0.1597733737279096,0.009941972968589887,3.2822409835414184,0.63,6:36:56,0.18,6:36:26,0.8757088606283747,0.036067324245611335,0.04892610941143799,3.732183987154565e-09,0.0053316914102208065,0.006617569926803471,0.0273484406453679,4.630000000000001,162.0,4.1275,0.25883749127388,0.3824797295749285,0.014823610966697105,54.73380057090351,55.0137244086197,50.745644268721385,51.7383122631815,0.19608940592243004,2.088456724218339,0.992722,393.0915498417738,331.4618923670919,6.63544078153224,165.3,363.1044396649443,289.8705807197282,218.61521984815897,1259.4001684630794
c0208,20150809,57243.27594,False,06:37:20.774,06:38:03.249,1.52432,0.1597733737279096,0.010605506242047567,2.995983178471004,0.63,6:36:56,0.22,6:37:55,0.8246814398251718,0.07934811334034492,0.06115763676429746,1.0475205476551463e-09,4.014450002989783e-10,1.5430542198991974e-12,0.03481280861967702,4.115555555555556,162.0,4.1227,0.2343706488609314,0.3725328177073545,0.018186481394057475,56.21949604779924,55.0137244086197,50.711485106388075,54.14985436701819,0.16132265401154236,2.088456724218339,0.992722,407.27555079516463,336.01155058537006,8.250320667593858,165.3,368.27543835105723,292.7669418888015,223.28474709216823,1259.4001684630794
c0210,20150809,57243.27711,False,06:39:02.661,06:39:45.139,1.52303,0.18640226934922785,0.009239545956081957,2.5125906197812653,0.54,6:39:55,0.19,6:39:25,0.8277625972043984,0.06893550920210291,4.784935344616555e-09,7.542355712700671e-10,0.0429833175024877,0.003953654204238256,0.05636491634760179,5.658888888888889,156.0,4.1138,0.19953137636184692,0.39562293020123795,0.009511306551018919,60.619764964827176,57.26009980271185,50.709955860647995,51.7383122631815,0.23993630316281428,2.088456724218339,0.992722,429.26971747106404,325.5473063188559,4.2072054441515645,165.3,354.8400482339444,277.8560570923136,220.52264554490017,1107.5791093838425
c0256,20150809,57243.31121,False,07:28:08.833,07:28:51.308,1.53163,0.11061233565778356,0.005806606034177245,2.8007528620614752,0.91,7:28:31,0.09,7:28:1,0.9787598172812233,4.808774897635364e-13,2.056048631144449e-09,3.2624903899151584e-09,2.701749854148491e-09,2.888663366070713e-09,0.02124017180934348,5.658888888888889,157.0,3.9004,0.30363619327545166,0.20169187791182464,0.01592940671120024,53.4489808907402,52.67163104744902,53.99044870007163,56.464446336632506,0.9346783755398858,1.9205341659445785,0.94176,369.1486975390313,428.0088961927369,10.355458676281412,84.8,517.1495103754598,454.48328619467594,246.02010537681528,1710.9912272089252
c0257,20150809,57243.3118,False,07:28:59.637,07:29:42.113,1.53259,0.11061233565778356,0.004644310901958379,2.7979464050722913,0.91,7:28:31,0.09,7:28:1,0.9787598172812233,4.808774897635364e-13,2.056048631144449e-09,3.2624903899151584e-09,2.701749854148491e-09,2.888663366070713e-09,0.02124017180934348,7.202222222222223,150.0,3.9244,0.2657420039176941,0.18841532977192346,0.029341585299141548,55.30466400856885,53.85541101182941,54.73159495891668,57.49651168259395,2.330738654389184,3.708123781880941,0.911461,389.24442329171376,437.9522168172275,21.420931343042277,96.2,541.5977262071216,480.20482166457504,249.19353337887424,1710.9912272089252
c0258,20150809,57243.31239,False,07:29:50.476,07:30:32.951,1.53355,0.18640226934922785,0.0076664842294320865,2.4989856539352084,0.54,7:30:0,0.15,7:31:1,0.878795124136075,1.9585794673303358e-08,0.0592034373147472,1.97885461709566e-09,9.002166495804027e-09,0.001581461681695302,0.060419946300666674,7.202222222222223,161.0,3.9177,0.2655252516269684,0.3924287732548495,0.003511886891438122,56.47983571166771,53.85541101182941,50.57142857142858,52.94408331509984,0.0,2.411542103836684,0.989412,389.36424018498366,326.9472585003233,1.563365916694927,93.0,355.4508747149054,275.7883200175284,224.16993571769407,1107.5791093838425
c1080,20150514,57156.5682,False,13:38:13.592,13:38:56.067,1.57738,0.13788661020353843,0.006919069360390993,0.4429968706252606,0.73,13:39:28,1.25,13:38:57,0.37018277557322604,0.10000941038413658,0.07644031366940374,0.003006652337663214,0.17326471098398183,0.19683380769871464,0.08026232935287393,5.658888888888889,102.0,-4.1991,0.035643111914396286,0.16961778339557032,0.014286055375546195,113.13865967217032,130.47650377502845,62.95047387658731,63.8564420928423,3.985652233496705,2.8311053092906246,1.122386,617.4085699724079,450.6095356484399,10.912538622024849,124.9,537.1882335667424,395.56265614016615,362.58286621817433,1423.9093417586237
c1081,20150514,57156.56881,False,13:39:06.219,13:39:48.693,1.57942,0.13788661020353843,0.006919069360390993,0.4420817363292134,0.73,13:39:28,1.25,13:38:57,0.37018277557322604,0.10000941038413658,0.07644031366940374,0.003006652337663214,0.17326471098398183,0.19683380769871464,0.08026232935287393,5.658888888888889,102.0,-4.2271,0.048776961863040924,0.1691380672270653,0.014557933840548083,103.42865745685997,115.61611165306957,63.10815530794625,63.8564420928423,3.9925746920146916,2.8311053092906246,1.160326,587.6463966044699,450.9821641587165,11.11774000439993,202.6,537.7327367519306,395.7767445167783,363.1207774317168,1423.9093417586237
c1082,20150514,57156.5694,False,13:39:56.929,13:40:39.404,1.58134,0.13788661020353843,0.006919069360390993,0.4412232363622916,0.73,13:39:28,1.25,13:38:57,0.37018277557322604,0.10000941038413658,0.07644031366940374,0.003006652337663214,0.17326471098398183,0.19683380769871464,0.08026232935287393,5.658888888888889,102.0,-4.2273,0.04302690923213959,0.1689649191887008,0.014360674229469884,108.56712029030012,122.5007950524539,63.12020187385991,63.8564420928423,3.9566850796366357,2.8311053092906246,1.104421,599.7239119393951,451.1043319646165,10.993829574942378,261.2,537.8791130515303,395.9261130581414,363.1945337128912,1423.9093417586237
c1083,20150514,57156.56999,False,13:40:47.664,13:41:30.138,1.58331,0.13788661020353843,0.006919069360390993,0.4403451919889036,0.73,13:39:28,1.25,13:38:57,0.37018277557322604,0.10000941038413658,0.07644031366940374,0.003006652337663214,0.17326471098398183,0.19683380769871464,0.08026232935287393,5.658888888888889,102.0,-4.2343,0.07950430363416672,0.1683183922752699,0.014819383555568876,87.27911709278168,88.42219087637368,63.1877542396547,63.8564420928423,4.044595077596207,2.8311053092906246,1.112883,538.0268112283911,451.6125570884855,11.336409073432366,247.3,539.1781212244362,396.4000854620916,364.6143985545585,1423.9093417586237
c1084,20150514,57156.57057,False,13:41:38.450,13:42:20.926,1.58527,0.13788661020353843,0.007121719543010125,0.4394744190397571,0.73,13:39:28,1.25,13:38:57,0.37018277557322604,0.10000941038413658,0.07644031366940374,0.003006652337663214,0.17326471098398183,0.19683380769871464,0.08026232935287393,5.144444444444445,102.0,-4.2319,0.090316541492939,0.16576622210873296,0.013456085512519905,81.70822403095232,82.52058661292955,64.41309865645997,63.8564420928423,3.6999347675574668,2.8311053092906246,1.027382,524.3042267034684,453.4868689789105,10.381889725170758,202.4,541.1182067894781,394.20762960294155,370.0120373254408,1423.9093417586237
c1085,20150514,57156.57116,False,13:42:29.311,13:43:11.785,1.58729,0.13788661020353843,0.007121719543010125,0.438579913969391,0.73,13:39:28,1.25,13:38:57,0.37018277557322604,0.10000941038413658,0.07644031366940374,0.003006652337663214,0.17326471098398183,0.19683380769871464,0.08026232935287393,5.144444444444445,102.0,-4.2392,0.08307357877492905,0.16539980724195494,0.012969341299561038,80.96100392928163,84.03485212131316,64.34178247492113,63.8564420928423,3.619693455169269,2.8311053092906246,1.029711,533.340476725133,453.7437502133914,9.994601293026179,152.4,541.8627113382265,394.69665678761953,370.64120611961806,1423.9093417586237
c1086,20150514,57156.57175,False,13:43:20.089,13:44:02.564,1.58932,0.13788661020353843,0.007615109468471318,0.4058801367999651,0.73,13:39:28,1.33,13:47:37,0.38344061206887375,3.454562798582534e-10,6.863369798508345e-10,0.10981391677613352,0.2665275271754074,0.1555697154328558,0.08464822751493625,4.630000000000001,102.0,-4.2479,0.03485335409641266,0.15892178941076388,0.0156562035750564,119.0945475116783,122.5007950524539,64.106099286805,63.8564420928423,3.397498887667477,2.8311053092906246,1.060989,619.4796592183991,458.8980338718211,12.165134946976977,177.4,547.6919000413436,407.7720517375135,365.07387013377604,1423.9093417586237
c1087,20150514,57156.57235,False,13:44:15.186,13:44:57.661,1.59149,0.11438321073702619,0.006062484285531587,0.4050218631238117,0.88,13:48:8,1.33,13:47:37,0.3260273548309818,3.776247467540371e-10,7.502478412331863e-10,0.12003965459730978,0.2913462450122207,0.17005617734618886,0.0925305670854263,5.144444444444445,102.0,-4.2508,0.046652644872665405,0.09239116054254215,0.009040058401517101,106.39614674523669,113.96829181667859,73.86978521502621,73.9233672442551,3.8216068207367653,5.043994052059779,1.112217,591.9621214418826,522.1210518770963,10.83621278532278,168.4,653.7679463452384,492.83892422823277,428.51184900431247,1663.8551526257565
c1088,20150514,57156.57298,False,13:45:05.962,13:45:48.436,1.5937,0.11438321073702619,0.0059033805481156255,0.40412360033805483,0.88,13:48:8,1.33,13:47:37,0.3260273548309818,3.776247467540371e-10,7.502478412331863e-10,0.12003965459730978,0.2913462450122207,0.17005617734618886,0.0925305670854263,5.658888888888889,102.0,-4.2567,0.04049110785126686,0.09524060547058673,0.007413849020868828,107.59307312635156,118.31148787859723,71.97502211477348,71.04994842958908,3.6900666650016287,7.679861371714505,1.115367,605.4861288573154,518.6253823953532,8.58824855613707,142.0,653.9999961539272,500.0104412923583,419.9183877719877,1663.8551526257565
c1089,20150514,57156.57356,False,13:45:56.898,13:46:39.373,1.59595,0.11438321073702619,0.005745990554430987,0.4032124004099573,0.88,13:48:8,1.33,13:47:37,0.3260273548309818,3.776247467540371e-10,7.502478412331863e-10,0.12003965459730978,0.2913462450122207,0.17005617734618886,0.0925305670854263,6.173333333333334,102.0,-4.2556,0.05571030080318451,0.08978154361994828,0.005302809978767345,94.82710774783699,101.68861981789061,72.99898154529627,70.50217823179808,1.4089821581143922,2.9734527143366636,1.182988,574.5722464083918,524.9736670660103,6.298889732146288,185.1,670.7367760751978,525.7509319927735,414.4253791974861,1663.8551526257565
c1090,20150514,57156.57415,False,13:46:47.580,13:47:30.055,1.59812,0.11438321073702619,0.0059033805481156255,0.40233675710733174,0.88,13:48:8,1.33,13:47:37,0.3260273548309818,3.776247467540371e-10,7.502478412331863e-10,0.12003965459730978,0.2913462450122207,0.17005617734618886,0.0925305670854263,5.658888888888889,102.0,-4.2535,0.052960947155952454,0.09463385254959075,0.00809417079555385,89.0228635770124,104.1392995592222,72.0649719217646,71.04994842958908,4.156996282821068,7.679861371714505,1.083799,579.5855900487035,519.3862054281062,9.468629935632908,180.8,655.4379166440655,501.12654807480726,420.8450145557754,1663.8551526257565
c1091,20150514,57156.57474,False,13:47:38.441,13:48:20.915,1.60033,0.11438321073702619,0.0059033805481156255,0.40144814458976935,0.88,13:48:8,1.33,13:47:37,0.3260273548309818,3.776247467540371e-10,7.502478412331863e-10,0.12003965459730978,0.2913462450122207,0.17005617734618886,0.0925305670854263,5.658888888888889,103.0,-4.2716,0.05043637752532959,0.09411011578898226,0.007139752237304888,106.6609152137504,112.85637945416572,72.02862078666114,69.33397719187185,4.088695018535272,6.672426632508752,1.081724,584.3830086397197,519.9255683113707,8.33174027144369,94.4,656.1045441787052,501.8188616512525,420.97993100080953,1663.8551526257565
c1092,20150514,57156.57533,False,13:48:29.133,13:49:11.607,1.60254,0.11438321073702619,0.005883554611022981,0.3900091638124597,0.88,13:48:8,1.42,13:49:9,0.34970641651967005,9.505952700594435e-10,5.7251760583125585e-11,0.16365361751591556,0.2516917021861936,0.15123106569127512,0.08371719707909872,5.658888888888889,103.0,-4.2676,0.04719383269548416,0.09908124219735781,0.007308346560167735,116.04694202096599,117.77734750788444,70.40656511682525,69.33397719187185,4.160807013270252,6.672426632508752,1.090114,590.847313568146,514.2280341976453,8.309071779895737,191.1,645.4428435762502,499.5818995332316,407.2118169150128,1663.8551526257565
c1093,20150514,57156.57592,False,13:49:20.494,13:50:02.968,1.60492,0.11184136160953671,0.00591057784420625,0.3890877157121824,0.9,13:49:40,1.42,13:49:9,0.34215972685068774,9.61626975870759e-10,5.791617013767072e-11,0.1655528259595682,0.25461259702032596,0.15298610979762076,0.08468873935225435,5.144444444444445,103.0,-4.279,0.03627774119377136,0.08940397050563281,0.007356479245433014,121.8357941491738,130.9588584839128,73.11442836921556,73.9233672442551,3.87016164997968,5.043994052059779,1.100208,615.7723800836706,525.5853916400572,9.079784477241743,114.9,658.0028579974826,503.4342159538551,422.6478652552054,1695.3083993240054
c1094,20150514,57156.57651,False,13:50:11.314,13:50:53.789,1.60722,0.11184136160953671,0.005549432561196641,0.577297853075758,0.9,13:49:40,0.75,13:50:41,0.2872577642267513,1.938492714757283e-09,1.7481050374150501e-09,0.03790445576177187,0.09467459955109231,0.47250759922208774,0.1076555775516991,4.630000000000001,103.0,-4.2705,0.034122079610824585,0.06532721651788523,0.012324097946263018,104.73105850928565,118.31148787859723,83.03021144346226,89.71752760365905,9.026472861258311,11.049251049021715,1.146571,621.4333001756504,559.9406846424781,19.968014463584755,210.0,721.4655121350943,519.539649068313,499.8335012192037,1695.3083993240054
c1095,20150514,57156.5771,False,13:51:02.125,13:51:44.600,1.60961,0.17659162359400535,0.008307371868424713,0.6464900773122152,0.57,13:52:44,0.64,13:52:12,0.13127455739352753,5.110149603226446e-09,5.6293626645168327e-11,4.891533577419966e-09,0.08990584061291446,0.6421845758065319,0.13663501612904935,4.115555555555556,103.0,-4.2648,0.02017987333238125,0.1980873699774651,0.02020859517557821,137.031383718366,161.95601944766418,66.26498752871167,64.61321494725522,3.896485587583514,6.202394237067722,1.200122,668.0054552735944,430.6199423624135,13.662690604900487,207.7,509.3340120348065,331.5873832334977,386.359790601432,1158.623507103811
c1096,20150514,57156.57769,False,13:51:52.933,13:52:35.408,1.612,0.17659162359400535,0.008307371868424713,0.6449571503641081,0.57,13:52:44,0.64,13:52:12,0.13127455739352753,5.110149603226446e-09,5.6293626645168327e-11,4.891533577419966e-09,0.08990584061291446,0.6421845758065319,0.13663501612904935,4.115555555555556,111.0,-4.2737,0.03475994989275932,0.1923702549809174,0.022703946280884107,118.66792275065731,142.48802429247007,67.62197180010087,69.2790334164983,4.361236286570103,7.220609343049245,1.244431,619.7272277897462,434.6550883025284,15.653208748377754,278.7,517.2771701487145,332.1855220963383,395.8966611961819,1158.623507103811
c1097,20150514,57156.57827,False,13:52:43.745,13:53:26.220,1.61437,0.17659162359400535,0.008340368199139423,0.6505914280081344,0.57,13:52:44,0.64,13:53:44,0.1310733142897878,1.3698300801461926e-10,2.8982432833432423e-10,5.386357800175648e-07,0.15284132031970493,0.5687118895616928,0.14737293676622712,4.115555555555556,122.0,-4.2783,0.04657869040966034,0.18696108884038387,0.025614997395511666,104.50112138395399,117.77734750788444,68.95230230216359,71.01733042097459,5.3216542885428595,7.975852456893607,1.147711,592.1153225057733,438.5952780717872,17.766360781245456,162.0,523.45311885552,331.80912107376116,404.4542951923909,1158.623507103811
c1098,20150514,57156.57886,False,13:53:34.554,13:54:17.028,1.61684,0.16235036362674685,0.007373039302478414,0.6490287594656133,0.62,13:54:15,0.64,13:53:44,0.022582282515979362,1.5408620914698985e-10,3.2601074190780294e-10,6.058878882626147e-07,0.17192453276081304,0.6397191916681415,0.16577338668708091,4.115555555555556,124.0,-4.2678,0.035684481263160706,0.16175360428828747,0.01845000810796175,114.81338861906312,131.91827686684837,72.67017690656985,75.5255285547666,4.4059220562981105,6.430739411308573,1.09372,617.3011460345168,456.84351451320134,14.203256886337412,205.8,557.6441437500519,345.43189009479465,437.2311002602844,1242.71926351358
c1099,20150514,57156.57948,False,13:54:27.908,13:55:10.383,1.61945,0.16235036362674685,0.007969278427044365,0.7687023234989736,0.62,13:54:15,0.52,13:55:16,0.2667580357345924,4.734944052787942e-09,1.1821254880089622e-10,2.0518090895414415e-06,0.020421459384133027,0.6023364203206429,0.11048202789838532,4.115555555555556,124.0,-4.2872,0.028949186205863953,0.15604677823136767,0.020232253169176744,112.7618776430997,128.5289839885817,71.6693307157208,72.67610568592605,4.8986853203484815,8.978467407688623,1.148291,636.3766201514205,461.5256195587168,16.43202544587605,155.3,553.3197146745749,354.14777299038974,424.5675078824887,1242.71926351358
c0072,20140704,56842.28216,False,06:46:19.515,06:47:01.990,2.06929,0.12275271396168665,0.005621042016056575,0.6668725995141055,0.82,6:48:6,0.81,7:8:8,0.05903186019081274,0.012592596633968244,0.15280903780545735,0.38202259451364334,0.2385114611249202,0.09803225308947991,0.05700019664171821,16.462222222222223,126.0,4.6344,0.05383756756782532,0.08927526585385318,0.01474475158167689,114.29744489187192,125.0478615521102,73.5184581170314,74.82943547818499,4.6555233916677805,4.2823559877444435,1.06935,577.9641448805586,526.5247597397481,17.033707507400763,273.6,696.3256338579852,500.96416590923013,476.7064768405874,1568.765992441452
c0073,20140704,56842.28275,False,06:47:10.231,06:47:52.707,2.06132,0.12275271396168665,0.0057122588382338265,0.6710028744652592,0.82,6:48:6,0.81,7:8:8,0.05903186019081274,0.012592596633968244,0.15280903780545735,0.38202259451364334,0.2385114611249202,0.09803225308947991,0.05700019664171821,15.433333333333334,121.0,4.6274,0.02849336713552475,0.09332132201763213,0.018989911177878745,147.20678982669514,166.94044372182688,73.0753407276822,72.90348908311947,6.951040461305113,6.892785661131488,0.90817,637.8006626702389,522.2897512110327,21.508103655721545,236.4,694.6063600427786,502.4065574323123,472.2139042841867,1568.765992441452
c0074,20140704,56842.28334,False,06:48:01.09,06:48:43.484,2.05343,0.12275271396168665,0.005757823229981496,0.6751327934594732,0.82,6:48:6,0.81,7:8:8,0.05903186019081274,0.012592596633968244,0.15280903780545735,0.38202259451364334,0.2385114611249202,0.09803225308947991,0.05700019664171821,14.91888888888889,106.0,4.6284,0.060804884880781174,0.09468454194852233,0.018416284313500685,108.77539248040765,116.70173276298861,72.93407268064112,75.56434378696085,6.467448144081969,5.957333371485241,1.042531,565.7993964656204,520.4951883675584,20.140326008746197,365.6,683.5075582330672,489.8902101649721,468.63219645804463,1568.765992441452
c0075,20140704,56842.28393,False,06:48:51.788,06:49:34.263,2.04563,0.12275271396168665,0.0056666514414565545,0.6792563595462249,0.82,6:48:6,0.81,7:8:8,0.05903186019081274,0.012592596633968244,0.15280903780545735,0.38202259451364334,0.2385114611249202,0.09803225308947991,0.05700019664171821,15.947777777777778,107.0,4.6193,0.09120692312717438,0.09617747712554492,0.016329757947719747,94.3251266408874,95.94599625819286,71.90818583368234,73.99623420691222,5.293190547540749,3.8292850405805186,1.007296,523.2335402287533,518.4201733851835,17.668481141548437,327.9,682.4758366822628,490.8080340857182,466.6813701076389,1568.765992441452
c0076,20140704,56842.28451,False,06:49:42.578,06:50:25.052,2.03795,0.12275271396168665,0.005757823229981496,0.6833566239085052,0.82,6:48:6,0.81,7:8:8,0.05903186019081274,0.012592596633968244,0.15280903780545735,0.38202259451364334,0.2385114611249202,0.09803225308947991,0.05700019664171821,14.91888888888889,109.0,4.6091,0.08289210498332977,0.09000185077987126,0.022123610588654898,97.39194009143732,97.25144396915718,72.12462192495872,74.75656851552785,5.5612832099649205,5.407259062853453,0.982655,533.5748322931055,527.2110256336389,27.04406787617403,222.0,680.7484979468842,490.1775376026216,465.16044974610367,1568.765992441452
c0077,20140704,56842.2851,False,06:50:33.374,06:51:15.849,2.03033,0.12275271396168665,0.0056666514414565545,0.6874647540644908,0.82,6:48:6,0.81,7:8:8,0.05903186019081274,0.012592596633968244,0.15280903780545735,0.38202259451364334,0.2385114611249202,0.09803225308947991,0.05700019664171821,15.947777777777778,91.0,4.6006,0.05544280633330345,0.09589376245559192,0.014270076551209314,118.33369601786838,119.89963260248508,72.01499862584306,75.62858501899488,4.5944680589128515,5.077105561014538,1.032098,575.0509113522075,518.4986338410773,15.658179948122832,196.6,682.7935711746095,492.00407510566504,465.7638390800345,1568.765992441452
c0078,20140704,56842.2857,False,06:51:24.711,06:52:07.186,2.02275,0.12275271396168665,0.0056666514414565545,0.6915912853016359,0.82,6:48:6,0.81,7:8:8,0.05903186019081274,0.012592596633968244,0.15280903780545735,0.38202259451364334,0.2385114611249202,0.09803225308947991,0.05700019664171821,15.947777777777778,91.0,4.5899,0.10319136828184128,0.0970627547517243,0.014157838279122063,90.12306722589285,90.53616721256375,71.63590204092007,73.12421770344521,4.432183016689939,3.9087082165303726,1.032098,509.5674774301572,517.1279482608783,15.417285269074604,196.6,680.3278363375554,490.4939270521344,463.8423994286094,1568.765992441452
c0079,20140704,56842.28628,False,06:52:15.368,06:52:57.846,2.01534,0.12275271396168665,0.0056666514414565545,0.6956643182544595,0.82,6:48:6,0.81,7:8:8,0.05903186019081274,0.012592596633968244,0.15280903780545735,0.38202259451364334,0.2385114611249202,0.09803225308947991,0.05700019664171821,15.947777777777778,109.0,4.5871,0.0853472575545311,0.09348353766101401,0.022608191127940446,93.65434189312334,92.60189689042417,71.0890970334724,73.95741897471797,4.865432358535942,4.517330995648658,1.010591,530.4385119503942,523.031481123248,27.129380014843292,221.4,674.0240800494354,486.81923434749456,459.3040434344385,1568.765992441452
c0080,20140704,56842.28688,False,06:53:07.360,06:53:49.834,2.00784,0.12275271396168665,0.005803300750903298,0.6998266628454076,0.82,6:48:6,0.81,7:8:8,0.05903186019081274,0.012592596633968244,0.15280903780545735,0.38202259451364334,0.2385114611249202,0.09803225308947991,0.05700019664171821,14.404444444444445,105.0,4.5499,0.09520465135574341,0.09893435247091109,0.01708752559517973,90.53113952170715,91.9184787170146,72.58890676750728,73.99623420691222,5.954466708397175,3.8292850405805186,1.05695,518.5256881147543,515.3379284486272,18.14427907639638,183.8,668.1248508056794,477.58099453905936,460.0340172210906,1568.765992441452
c0081,20140704,56842.28747,False,06:53:58.121,06:54:40.596,2.00062,0.12275271396168665,0.005848644512402098,0.7038719818425796,0.82,6:48:6,0.81,7:8:8,0.05903186019081274,0.012592596633968244,0.15280903780545735,0.38202259451364334,0.2385114611249202,0.09803225308947991,0.05700019664171821,13.89,120.0,4.5599,0.09943216294050217,0.10032821366300132,0.016137255253936708,88.9264912900945,90.53616721256375,70.76314713848221,68.71334003142371,4.912737263711131,1.5879817605250104,1.045108,513.7136293269092,513.6397235366876,17.105130783891713,223.1,675.8077853370097,488.65204378706784,461.0712991868562,1568.765992441452
c0082,20140704,56842.28806,False,06:54:48.918,06:55:31.392,1.99346,0.12275271396168665,0.005803300750903298,0.7079213442280019,0.82,6:48:6,0.81,7:8:8,0.05903186019081274,0.012592596633968244,0.15280903780545735,0.38202259451364334,0.2385114611249202,0.09803225308947991,0.05700019664171821,14.404444444444445,92.0,4.5509,0.06581602245569229,0.09399259527076202,0.022647027359303216,104.9852355133045,108.29462479304681,70.4907853870777,72.07126031257307,5.1186076200584365,6.362842568911152,1.041341,557.740928252472,522.4840908602339,27.49012295243843,212.0,671.9677577537183,485.73930059182993,456.7371034287049,1568.765992441452
c0083,20140704,56842.28865,False,06:55:39.767,06:56:22.242,1.9864,0.12275271396168665,0.0057122588382338265,0.7119513492281864,0.82,6:48:6,0.81,7:8:8,0.05903186019081274,0.012592596633968244,0.15280903780545735,0.38202259451364334,0.2385114611249202,0.09803225308947991,0.05700019664171821,15.433333333333334,116.0,4.5601,0.09618127346038818,0.09678423836501895,0.0242478097001248,88.95506097199181,91.22994109170402,71.47735659769184,73.83974681862053,5.869653664646794,6.147998901125537,1.050802,517.3993201121348,519.4786332347282,28.7360200802895,298.4,659.6963770758273,474.46643358333387,451.6886959057183,1568.765992441452
c0094,20140704,56842.30867,False,07:24:33.151,07:24:37.056,1.79002,0.12904772493408082,0.006510053769471293,0.8410102126657787,0.78,7:31:2,0.81,7:8:8,0.02176892948856161,0.013091271388065776,0.15886037190012403,0.3971509297503101,0.24795666513511422,0.10191439202587323,0.05925744031195102,14.91888888888889,110.0,4.4162,0.11256959289312363,0.1338149034532273,0.02914923426972544,70.91600651297053,64.50930999319318,64.42902280469553,67.58395422369176,3.456121570771663,5.3644225944974036,1.044057,499.7139090330432,481.4995513620648,25.64144054022378,277.5,576.8862074297931,419.54116079618393,390.9038501725512,1504.7307337653297
c0085,20140704,56842.28983,False,06:57:21.863,06:58:04.338,1.97244,0.12275271396168665,0.005757823229981496,0.7200306205458821,0.82,6:48:6,0.81,7:8:8,0.05903186019081274,0.012592596633968244,0.15280903780545735,0.38202259451364334,0.2385114611249202,0.09803225308947991,0.05700019664171821,14.91888888888889,117.0,4.5495,0.08046157658100128,0.10281970386768322,0.015447723601486952,95.00592041452396,93.28030813499294,71.51640465426439,73.00654554734777,5.276248066265508,5.698554369825488,1.137838,536.7536664964406,510.7888063160925,16.30180767840312,323.9,662.0674670276117,477.43068516645576,452.7361276034601,1568.765992441452
c0095,20140704,56842.30949,False,07:25:40.145,07:26:22.620,1.7836,0.12904772493408082,0.006531329638907718,0.8458589349149486,0.78,7:31:2,0.81,7:8:8,0.02176892948856161,0.013091271388065776,0.15886037190012403,0.3971509297503101,0.24795666513511422,0.10191439202587323,0.05925744031195102,14.404444444444445,105.0,4.3996,0.16436153650283813,0.1342755365267951,0.031119628089571975,68.44328941920863,70.12901356874188,64.75064511251354,69.44922084092596,4.128252038770402,5.341104286335679,0.969554,454.3578988224492,481.3206092825232,27.000100431792564,235.1,572.5638622980073,415.88313409837156,388.27055557167955,1504.7307337653297
c0086,20140704,56842.29042,False,06:58:12.744,06:58:55.219,1.96563,0.12275271396168665,0.005803300750903298,0.724026084667383,0.82,7:8:38,0.81,7:8:8,0.05903186019081274,0.012592596633968244,0.15280903780545735,0.38202259451364334,0.2385114611249202,0.09803225308947991,0.05700019664171821,14.404444444444445,111.0,4.5597,0.05474642291665077,0.10037574321897899,0.023653128085101977,107.74831310622663,110.59902382609313,70.36238137539497,73.00654554734776,5.285502520393256,5.698554369825488,1.033062,576.3060473831209,515.0714980722885,26.993952584418995,275.7,656.1989932645266,471.25752496206036,450.19753275534913,1568.765992441452
c0096,20140704,56842.31007,False,07:26:30.945,07:27:13.419,1.77903,0.12904772493408082,0.006531329638907718,0.8493381821885332,0.78,7:31:2,0.81,7:8:8,0.02176892948856161,0.013091271388065776,0.15886037190012403,0.3971509297503101,0.24795666513511422,0.10191439202587323,0.05925744031195102,14.404444444444445,100.0,4.3814,0.11245617270469666,0.13373315763412086,0.030401618093403266,86.61926814070326,85.52231011356004,64.28063456690184,68.41715549496452,3.605030491421807,6.567923440758394,0.995422,499.8292084935054,481.7564431819975,26.747038170383064,284.0,572.5828071723759,416.8120397664417,387.638999239722,1504.7307337653297
c0087,20140704,56842.29101,False,06:59:03.833,06:59:46.308,1.95887,0.12275271396168665,0.005803300750903298,0.7280279683228367,0.82,7:8:38,0.81,7:8:8,0.05903186019081274,0.012592596633968244,0.15280903780545735,0.38202259451364334,0.2385114611249202,0.09803225308947991,0.05700019664171821,14.404444444444445,111.0,4.5415,0.0650004893541336,0.10125014106842316,0.02399459486805801,106.13070720565904,110.59902382609313,69.98018623107406,71.33537950307084,5.015010335478537,4.282414469534635,1.075841,559.0174005846293,514.1597105007909,27.361850076768107,235.7,653.6661176096059,470.07583223827896,447.7658539045423,1568.765992441452
c0097,20140704,56842.31066,False,07:27:21.783,07:28:04.258,1.77452,0.12904772493408082,0.006531329638907718,0.8527946074314954,0.78,7:31:2,0.81,7:8:8,0.02176892948856161,0.013091271388065776,0.15886037190012403,0.3971509297503101,0.24795666513511422,0.10191439202587323,0.05925744031195102,14.404444444444445,100.0,4.3958,0.11408770084381104,0.13486343539113238,0.030271798741904665,83.87232180975273,86.25642066080889,64.07746127741716,67.58395422369176,3.6056862167661814,5.3644225944974036,1.027492,498.1791579834542,480.6967128370383,26.464347935851432,233.3,571.4093263961082,416.20016029649304,386.59989940371435,1504.7307337653297
c0088,20140704,56842.2916,False,06:59:54.762,07:00:37.237,1.9522,0.12275271396168665,0.005848644512402098,0.7320119221117924,0.82,7:8:38,0.81,7:8:8,0.05903186019081274,0.012592596633968244,0.15280903780545735,0.38202259451364334,0.2385114611249202,0.09803225308947991,0.05700019664171821,13.89,110.0,4.5336,0.05307692289352417,0.1010722318406873,0.02245830632268716,114.85450986761099,124.03531159571762,69.77968513397437,71.33537950307084,4.423792292685837,4.282414469534635,1.035088,579.3697991204752,514.1079838299437,26.091406239496234,211.1,653.867161581171,470.524786544619,447.73207200337583,1568.765992441452
c0098,20140704,56842.31125,False,07:28:12.714,07:28:55.189,1.77004,0.12904772493408082,0.006531329638907718,0.8562507280186199,0.78,7:31:2,0.81,7:8:8,0.02176892948856161,0.013091271388065776,0.15886037190012403,0.3971509297503101,0.24795666513511422,0.10191439202587323,0.05925744031195102,14.404444444444445,120.0,4.3884,0.14568020403385162,0.13529184491798443,0.030704946958363826,74.6590791599649,72.77631674032583,63.895474082744535,69.58535653489075,3.4622968455096097,3.0983586495684623,1.055232,469.2923749757084,480.37438733840395,26.824963704963317,196.0,574.6056014226073,420.05880934058183,387.7174311107028,1504.7307337653297
c0099,20140704,56842.31185,False,07:29:04.036,07:29:46.510,1.76558,0.12904772493408082,0.006466604037194311,0.85971408515955,0.78,7:31:2,0.81,7:8:8,0.02176892948856161,0.013091271388065776,0.15886037190012403,0.3971509297503101,0.24795666513511422,0.10191439202587323,0.05925744031195102,15.947777777777778,123.0,4.3846,0.11415701359510422,0.13414520813095554,0.030138540911492755,75.88291340872475,75.33064457743392,64.62884616566383,68.6160195696532,3.7575859891620365,3.985805158658325,0.990191,498.10947325694247,481.30320585887625,26.21227960432205,195.1,572.7142714241187,418.8803193974237,386.22355371217037,1504.7307337653297
c0089,20140704,56842.29219,False,07:00:45.530,07:01:28.05,1.94563,0.12275271396168665,0.005757823229981496,0.7359708973879642,0.82,7:8:38,0.81,7:8:8,0.05903186019081274,0.012592596633968244,0.15280903780545735,0.38202259451364334,0.2385114611249202,0.09803225308947991,0.05700019664171821,14.91888888888889,119.0,4.5399,0.04036661982536316,0.09559430685369698,0.02865339314269134,112.20836289117032,125.55107429572318,69.559079003219,70.50217823179807,5.649922616551404,2.9734527143366636,1.082956,605.7767651377941,521.8586170043595,33.03354469696682,254.3,657.8378491850212,477.4295524332583,446.7357248908763,1568.765992441452
c0031,20140320,56736.63763,False,15:18:11.549,15:18:54.024,1.57813,0.2141643094650703,0.004900627968851878,0.8543972719843964,0.47,15:18:10,0.58,14:29:58,0.2132376368006581,4.2794921939465216e-11,1.081597684634429e-10,3.927753109512561e-05,0.46312312783804827,0.17880070125393005,0.14479925642531383,7.716666666666667,294.0,-1.0758,0.172322079539299,0.3090521025351562,0.02049533873164152,66.95248495729508,65.4794292419564,54.9475790425341,58.68208817202446,1.7220383759594289,1.9205341659445785,1.059938,448.3678493051245,366.51541790836075,10.4291698299617,187.6,406.0323320653264,294.57987679219934,279.1108093423078,986.5706034922233
c0011,20140320,56736.62273,False,14:56:44.625,14:57:27.100,1.63671,0.17974504544389827,0.003788226423061787,0.8060778954357177,0.56,14:57:19,0.58,14:29:58,0.02327521536140054,5.3127682347406915e-11,1.3427475880954214e-10,4.876102352433238e-05,0.5749434117048147,0.22197182350628922,0.17976078821656863,7.716666666666667,290.0,-0.9259,0.22021053731441498,0.22077731198668188,0.01843895757605252,58.7005912816471,62.5239307760551,61.50842194293236,62.82437674688086,2.9858128140609628,3.3288367835311896,0.998989,415.93062617797017,415.82159620766527,11.866695987116383,170.0,474.6970691902831,328.3249294020857,342.53002379385714,1141.6596318266127
c0013,20140320,56736.6242,False,14:58:51.733,14:59:34.208,1.62992,0.17974504544389827,0.0037901887982038397,0.8114574039849339,0.56,14:58:54,0.58,14:29:58,0.02327521536140054,5.3127682347406915e-11,1.3427475880954214e-10,4.876102352433238e-05,0.5749434117048147,0.22197182350628922,0.17976078821656863,7.202222222222223,294.0,-0.931,0.15010464191436768,0.22239941575997796,0.017469762478675543,70.50261315136277,71.90471264273118,61.157297435951165,60.82297443568187,2.621981100270883,1.787589615936362,1.012133,465.6337282877821,414.77325316794526,11.169333327767347,154.6,475.1469425216985,327.465730008768,344.0912088012267,1141.6596318266127
c0015,20140320,56736.62569,False,15:00:59.626,15:01:42.102,1.62332,0.1650118449976771,0.003608381335002751,0.8167088068829197,0.61,15:0:29,0.58,14:29:58,0.11167585214590713,4.8319243957944397e-11,1.2212192479781838e-10,4.434779924907226e-05,0.5229068866681654,0.2018817727010006,0.16349114051523655,7.716666666666667,296.0,-0.9542,0.2123832106590271,0.19036068101462023,0.021173093048567907,62.56105799057787,64.50930999319318,63.53665545646676,62.82437674688086,3.8715576877663316,3.3288367835311896,0.958651,420.8753200908606,436.00677714907465,15.302174933685448,144.8,501.4189547283685,348.1266736358146,360.6353542674675,1225.993454985223
c0035,20140320,56736.64063,False,15:22:31.182,15:23:13.657,1.56888,0.20970255301788135,0.004762261472069478,0.8624805534352884,0.48,15:22:54,0.58,14:29:58,0.19678649320492142,4.36897606340001e-11,1.1042138132839751e-10,4.009882140380831e-05,0.47280699864191894,0.18253941086808262,0.147826998309562,7.716666666666667,297.0,-1.1242,0.1818060576915741,0.2990542836684814,0.012782254975022844,65.8177117521575,68.30716937493325,54.987301892409704,57.57326725432848,1.3610031561327947,2.2176418353919516,1.021293,441.48450902069834,371.49284054166003,6.64520283102587,182.8,411.912297168073,297.50420613177477,284.77192497609974,1004.0322289150739
c0037,20140320,56736.64211,False,15:24:41.861,15:25:24.337,1.56464,0.17659162359400535,0.0036954881828127283,0.8663072463155096,0.57,15:24:29,0.58,14:29:58,0.005366459497853369,5.410180597744037e-11,1.3673675620325684e-10,4.965508219847267e-05,0.5854852975640809,0.22604179209752487,0.18305679556750376,7.202222222222223,291.0,-1.1398,0.16416215896606445,0.2320855147615773,0.014407885660119184,69.17844047925124,70.12901356874188,60.14266958400002,61.8550397816433,1.8398589402561394,2.064130691922877,0.97973,454.5105836501173,408.73850011883684,8.896671284819949,199.3,465.5127776134159,325.2320897440106,332.89703180267105,1158.623507103811
c0017,20140320,56736.62722,False,15:03:12.460,15:03:54.934,1.61671,0.1597733737279096,0.003565665242179559,0.8220372943940416,0.63,15:3:37,0.58,14:29:58,0.15817798856309212,4.5789820346602206e-11,1.1572906649243983e-10,4.202627346879929e-05,0.4955336722440513,0.19131363295498185,0.15493267980288694,7.716666666666667,292.0,-0.9608,0.25694751739501953,0.1898329422102818,0.01975576254047392,57.57582029893676,58.350866381494306,62.54539587419083,62.82437674688086,3.2399179595847842,3.3288367835311896,0.97463,394.1558354976153,436.28899042327294,14.237482348036343,180.1,499.3317272681665,355.8930045043513,349.9402035775168,1259.4001684630794
c0039,20140320,56736.64365,False,15:26:51.815,15:27:34.291,1.56041,0.14379603635511862,0.003474378648535428,0.8699230590902041,0.7,15:27:34,0.58,14:29:58,0.2937510860956604,3.8415496920142426e-11,9.70912216680312e-11,3.525805881711703e-05,0.4157293502316784,0.16050310357045813,0.1299812019078792,6.687777777777779,290.0,-1.1357,0.17144368588924408,0.16448194134186245,0.013094417843019237,66.6779874075345,67.37777682560726,64.0678432881844,65.80532913571108,2.091972789801432,3.2669226339710775,1.058789,449.01893424262323,454.4550751644099,10.170297100731332,153.0,521.1958784004487,381.7513188108266,354.81466054976215,1374.9755931875031
c0019,20140320,56736.6287,False,15:05:20.446,15:06:02.921,1.61057,0.18991929329921328,0.004129900580225104,0.827083506293323,0.53,15:5:12,0.58,14:29:58,0.09862980273978657,4.902886695475757e-11,1.239154240157914e-10,4.4999097068065175e-05,0.5305863684144999,0.2048466359068639,0.1658921936688373,7.716666666666667,294.0,-0.9715,0.2555617392063141,0.24805035406417858,0.022303120870870646,55.8748587602907,58.350866381494306,58.810439096065565,60.822974435681864,2.988515498008468,1.7875896159363622,0.993503,394.9393649882932,399.5297185076895,13.176022270334748,162.6,449.75029060831804,316.2556832811755,319.3821764155932,1090.4602703314968
c0120,20130426,56408.61302,False,14:42:45.459,14:43:27.934,1.56848,0.17354694042859145,0.008258857969770328,1.2459638462045157,0.58,14:42:53,0.43,14:37:27,0.3911554466662102,1.9618547300174187e-10,5.3276055053684035e-11,3.6357307840689783e-08,0.13750981777369797,0.467965348444522,0.0033693505088005582,7.716666666666667,65.0,-0.957,0.09665601700544357,0.32865374766058053,0.023433477274931742,78.16550665745498,74.48893497961419,54.55647137950847,57.49651168259395,1.0589483711396463,3.708123781880941,1.094558,516.8550323261564,356.81526322935,11.381636099813338,318.4,401.8313676298622,307.2296295108934,258.5138786796554,1175.5378501045673
c0040,20130426,56408.56421,False,13:32:28.431,13:33:10.906,1.52114,0.17354694042859145,0.006701340216249386,1.7550852591500226,0.58,13:32:57,0.25,13:32:26,0.7604016161772277,6.623509547214772e-09,4.463669477470824e-12,1.1879120383591709e-07,0.03513339846783487,0.15658840505643615,0.04787645487932416,7.716666666666667,68.0,-0.7465,0.16273847222328186,0.3465650790630606,0.023309885111325156,62.38978841808976,67.37777682560726,52.81583999360346,56.464446336632506,1.027274547891913,1.9205341659445785,1.042488,455.604763398533,348.18135889406767,11.013463496820233,156.6,382.6923584421898,302.65684764229906,234.04925758753873,1175.5378501045673
c0121,20130426,56408.61361,False,14:43:36.429,14:44:18.904,1.57023,0.1597733737279096,0.007417999532185084,1.243600675061045,0.63,14:44:25,0.43,14:37:27,0.4695405808360732,1.7092775403354932e-10,4.641707815956936e-11,3.167651955484125e-08,0.11980624227672632,0.4077175784286498,0.0029355665646862788,7.716666666666667,63.0,-0.9523,0.11641937494277954,0.2971592123318626,0.023905506265563536,74.9209041100646,71.90471264273118,55.15157300562679,57.49651168259395,0.8375449775115441,3.708123781880941,1.140191,495.85223825536156,372.6684890415046,12.201455768008449,254.3,419.0796150789315,322.5013057904012,267.19657460844763,1259.4001684630794
c0041,20130426,56408.56481,False,13:33:19.440,13:34:01.915,1.52063,0.14177074006842683,0.0053195387305892605,1.5627379976475517,0.71,13:34:29,0.29,13:33:58,0.7782328400254825,1.7654001349007218e-09,8.762757583713918e-09,4.034466101592624e-11,0.03186457303168697,0.15444039025841833,0.03546218611590969,8.231111111111112,67.0,-0.7554,0.1457280069589615,0.26190016756690115,0.02412633114184561,67.78985461090588,70.12901356874188,53.86328007724873,57.573267254328485,1.0799516811693215,2.2176418353919516,1.054006,469.2524120512944,391.65489547829156,13.16139049312115,155.1,444.7064587699373,362.03388291961335,258.1067671836867,1391.3249710624711
c0122,20130426,56408.61471,False,14:45:10.882,14:45:53.356,1.57354,0.20131445089716607,0.010148433175416957,1.239769607733089,0.5,14:45:57,0.43,14:37:27,0.22028406981113605,2.5124465306209693e-10,6.822790578567037e-11,4.656093570508586e-08,0.1761017568251762,0.5992991724416992,0.004314954041580234,7.716666666666667,59.0,-0.9554,0.10786660760641098,0.3701605604194093,0.01710347685092784,77.19146725335023,74.48893497961419,54.98233533837298,57.49651168259395,0.970858448394026,3.708123781880941,1.125812,504.5722114759324,337.08845655947107,7.8327263418554685,205.5,373.1429977904302,271.02684914955154,256.33362107893083,1038.7753279908002
c0042,20130426,56408.5654,False,13:34:10.414,13:34:52.888,1.52014,0.14177074006842683,0.005929194569187176,1.637629282352179,0.71,13:34:29,0.28,13:35:30,0.792913665311548,4.8310804273848e-10,0.0009687858091085477,1.5906589279527615e-08,0.023667154646922345,0.15187066662683069,0.03057971121589315,7.202222222222223,69.0,-0.7661,0.13414359092712402,0.2625464279382473,0.02283192729492186,69.88323756627497,71.90471264273118,54.187711378513065,56.464446336632506,1.867158319789453,1.9205341659445785,1.067856,479.23663909481104,391.2740881919873,12.762406018607487,144.5,440.2218962337407,358.17163150100856,255.84016977169392,1391.3249710624711
c0123,20130426,56408.6153,False,14:46:01.876,14:46:44.351,1.57537,0.19736710872271185,0.009406196441458027,1.2374410750599136,0.51,14:47:29,0.43,14:37:27,0.24559807541916737,2.430878252862924e-10,6.601284062820418e-11,4.504930340167988e-08,0.17038449405387834,0.5798425190315232,0.004174866137026967,8.745555555555557,61.0,-0.9609,0.09953422844409943,0.36473738436935155,0.017225044526416485,79.7869942735295,76.16305266010647,54.51560507580182,57.49651168259395,0.9146969651177802,3.708123781880941,1.1376,513.5994300686261,339.58386570660554,7.8838249380075185,204.8,379.9859471184758,278.87651897731246,257.75933112533414,1056.0596172796113
c0043,20130426,56408.56599,False,13:35:01.318,13:35:43.793,1.51969,0.11309800612200341,0.005071559682106449,1.6372285333691796,0.89,13:36:1,0.28,13:35:30,0.857898494795604,3.315060849030317e-10,0.0006647755000449093,1.0915014178456203e-08,0.01624027149977086,0.10421281711579347,0.020983629842266368,6.687777777777779,60.0,-0.77,0.15530960261821747,0.1819663936727169,0.019763475554442217,66.7243309842925,68.30716937493325,54.73000069677432,55.355625418936526,1.3623452068211614,0.0,1.000962,461.4299056022124,441.7756865549428,13.628799381773568,188.0,519.4709703945297,446.9248907256762,263.2969254813416,1679.5965016090136
c0124,20130426,56408.61589,False,14:46:52.821,14:47:35.296,1.57724,0.19736710872271185,0.009631354081354961,1.235094503458145,0.51,14:47:29,0.43,14:37:27,0.24559807541916737,2.430878252862924e-10,6.601284062820418e-11,4.504930340167988e-08,0.17038449405387834,0.5798425190315232,0.004174866137026967,8.231111111111112,69.0,-0.9541,0.08431785553693771,0.3666300357464174,0.01635379770751993,85.06524272877513,86.98433585001898,54.36322854254108,57.49651168259395,1.0282472842677404,3.708123781880941,1.139787,531.7446425517323,338.70185220806786,7.474493802682552,149.2,376.7735415380912,278.23649779958043,253.71320939840064,1056.0596172796113
c0044,20130426,56408.56662,False,13:35:56.181,13:36:38.655,1.51922,0.11309800612200341,0.005071559682106449,1.638039021725464,0.89,13:36:1,0.28,13:35:30,0.857898494795604,3.315060849030317e-10,0.0006647755000449093,1.0915014178456203e-08,0.01624027149977086,0.10421281711579347,0.020983629842266368,6.687777777777779,66.0,-0.7774,0.12643755972385406,0.17685142089989936,0.014497698742182614,70.51363570235485,68.30716937493325,54.834666822017965,57.573267254328485,1.8368161315009435,2.2176418353919516,1.088198,486.24241917508306,445.24547631849157,10.442358936609043,155.5,540.5448614876033,468.53366685662587,269.1446339345739,1679.5965016090136
c0125,20130426,56408.61652,False,14:47:47.120,14:48:29.595,1.57926,0.19736710872271185,0.00986136436500532,1.232567817912691,0.51,14:47:29,0.43,14:37:27,0.24559807541916737,2.430878252862924e-10,6.601284062820418e-11,4.504930340167988e-08,0.17038449405387834,0.5798425190315232,0.004174866137026967,7.716666666666667,60.0,-0.9566,0.10269718617200851,0.36332679995374595,0.015270608128485711,78.46541621154206,74.48893497961419,55.02451728185031,56.464446336632506,0.8262047348084349,1.9205341659445785,1.090385,510.10570122993823,340.2176295156876,7.0377015568591474,136.9,377.57789531222505,275.75827181234104,257.76143476805225,1056.0596172796113
c0045,20130426,56408.56721,False,13:36:47.179,13:37:29.654,1.51882,0.14177074006842683,0.0055436790461976864,1.5780753869514856,0.71,13:37:33,0.28,13:37:2,0.7927517815127546,4.497016355278404e-09,1.4750213645313163e-10,2.9551821763258084e-09,0.022485081776392017,0.14724516408997287,0.037517965021179815,7.716666666666667,70.0,-0.7649,0.11601009964942932,0.26144706771420156,0.027795995820239353,71.47847122059795,71.90471264273118,54.15756834469183,57.573267254328485,1.4876178921583065,2.2176418353919516,1.062072,496.2580678988276,392.0722525213457,15.749976476356876,252.5,438.2332897288654,356.54158359541213,254.7691323558842,1391.3249710624711
c0126,20130426,56408.61711,False,14:48:38.212,14:49:20.686,1.58119,0.23966006059186437,0.012813938705404149,1.230326524461587,0.42,14:49:2,0.43,14:37:27,0.039295952856627986,3.0956370862068124e-10,8.406500711167125e-11,5.7368687285667544e-08,0.2169785994368812,0.7384088462511664,0.005316543693008398,8.745555555555557,56.0,-0.9607,0.09242358058691025,0.4248762964105942,0.01881771972894927,83.45795528709512,79.40547149110117,53.78064817645011,56.464446336632506,1.23985354732038,1.9205341659445785,1.07762,521.7838043963577,312.8255430303638,8.064109592804227,153.9,346.6102796577655,249.18066999479547,240.70960528431564,898.2992377872841
c0046,20130426,56408.5678,False,13:37:38.307,13:38:20.782,1.51844,0.14177074006842683,0.005861609660870501,1.7234052142484826,0.71,13:37:33,0.25,13:38:33,0.8254129608922698,3.931677156329119e-09,3.083668357905191e-11,1.161515081477622e-08,0.0137223241926781,0.1282292092162242,0.03263549012116328,7.202222222222223,71.0,-0.786,0.14569616317749023,0.2680294187396997,0.02632832149928707,69.02749583024799,68.30716937493325,53.97645930912861,57.573267254328485,1.8106814535598938,2.2176418353919516,1.10904,469.2790301770239,388.33846977344433,14.548823284848192,180.7,432.3194174972232,352.7329110489319,249.9195668986865,1391.3249710624711
c0127,20130426,56408.6177,False,14:49:29.274,14:50:11.748,1.58316,0.23966006059186437,0.012813938705404149,1.227877914532185,0.42,14:49:2,0.43,14:37:27,0.039295952856627986,3.0956370862068124e-10,8.406500711167125e-11,5.7368687285667544e-08,0.2169785994368812,0.7384088462511664,0.005316543693008398,8.745555555555557,56.0,-0.9627,0.07929307222366333,0.4251793525930512,0.01781059340582871,86.72583645986339,87.70620993591832,53.809934085446216,56.464446336632506,1.227659874132106,1.9205341659445785,1.087668,538.3094105736596,312.6876553735935,7.633823151293729,135.4,346.4404085565641,249.2098630081242,240.4875409183657,898.2992377872841
c0047,20130426,56408.56839,False,13:38:29.391,13:39:11.865,1.51809,0.12275271396168665,0.005117900249477794,1.7232432141581513,0.82,13:39:5,0.25,13:38:33,0.862673982078953,3.092563860348542e-09,2.4255402826263066e-11,9.136201731225757e-09,0.010793654257687066,0.10086205008587726,0.02567030132446175,7.202222222222223,71.0,-0.7786,0.17852455377578735,0.21037151284378852,0.024381359834595075,62.0978273824059,64.50930999319318,54.605942289072026,57.573267254328485,2.098968504570946,2.2176418353919516,1.059975,443.83666674377434,422.6982577313231,15.871273512295865,155.2,486.58688692590005,414.4098449451776,254.98070717201992,1568.765992441452
c0128,20130426,56408.61833,False,14:50:24.049,14:51:06.524,1.5853,0.23966006059186437,0.012813938705404149,1.225226964508073,0.42,14:49:2,0.43,14:37:27,0.039295952856627986,3.0956370862068124e-10,8.406500711167125e-11,5.7368687285667544e-08,0.2169785994368812,0.7384088462511664,0.005316543693008398,8.745555555555557,65.0,-0.9591,0.0850427895784378,0.42513157666583945,0.021907160347249863,86.26961138717911,82.52058661292955,53.745357516908086,56.464446336632506,1.4113616057848943,1.9205341659445785,1.127611,530.8235226813209,312.7392551539825,9.342597765482948,124.4,346.0925465142474,250.30480833861776,238.67704399638555,898.2992377872841
c0129,20130426,56408.61892,False,14:51:19.119,14:52:01.594,1.58733,0.23966006059186437,0.012871889154866974,1.2227208629925974,0.42,14:49:2,0.43,14:37:27,0.039295952856627986,3.0956370862068124e-10,8.406500711167125e-11,5.7368687285667544e-08,0.2169785994368812,0.7384088462511664,0.005316543693008398,8.231111111111112,57.0,-0.9693,0.10785720497369766,0.4240957584352451,0.018743091506579046,76.9410796182134,73.63760490634326,53.79683174427805,56.464446336632506,1.2238724099232026,1.9205341659445785,1.09229,504.58207039103263,313.1612990904692,8.041858201680206,198.4,346.49794100293866,249.36143368461632,240.42912834285858,898.2992377872841
c0048,20130426,56408.56898,False,13:39:20.420,13:40:02.896,1.51776,0.12275271396168665,0.0054653945823687124,1.7599667018899983,0.82,13:39:5,0.25,13:40:6,0.8642708024310299,2.6478814752003856e-09,1.9707514796338746e-09,1.3017066183427849e-09,0.010005353665833517,0.10247907694096146,0.02324476104183544,6.687777777777779,73.0,-0.7941,0.1835605502128601,0.21201643021529168,0.029523622339828626,62.7025353528533,64.50930999319318,54.17590123329497,57.573267254328485,2.0782524866446277,2.2176418353919516,1.068358,440.2391982989297,421.93013080269344,19.194384918196082,142.7,487.65924010222847,415.93967998297535,254.55532865558018,1568.765992441452
c0049,20130426,56408.56957,False,13:40:11.306,13:40:53.781,1.51746,0.20970255301788135,0.008120171056605747,1.762860025970438,0.48,13:40:36,0.25,13:40:6,0.6686444061947686,6.464271168294908e-09,4.811194190143156e-09,3.1778554445663517e-09,0.024426062811496025,0.2501820978874441,0.05674741865297056,7.716666666666667,62.0,-0.7929,0.17916882038116455,0.39643495833046427,0.01716983477469494,61.96320014507855,62.5239307760551,51.90086148462216,54.14985436701818,1.3390571489816188,2.088456724218339,1.04297,443.3724530738783,325.2394192166587,7.600594327549227,141.6,354.97937998573445,275.7182320623971,223.31649316884125,1004.0322289150739
c2057,20170823,57988.27029,True,06:29:13.298,06:29:55.773,1.52966,0.17659162359400535,0.007188393153747142,1.7875782668584017,0.57,6:29:45,0.29,6:29:15,0.6813310802569875,1.8713295903155748e-06,0.09449288030306367,0.003690780736543193,0.0641069344801177,0.09449288030306367,0.06188357259063386,7.202222222222223,44.0,3.0603,0.1981433928012848,0.31817356305182676,0.01814124152381305,62.240539308689094,63.52437719288094,53.34492245366643,55.25867528471416,1.6113301804115032,3.2747627853223062,0.868104,430.1982838191546,361.89856122159415,9.121739802441937,261.3,404.66101935081196,310.9369591705425,258.71171565345526,1158.623507103811
c2058,20170823,57988.27088,True,06:30:04.473,06:30:46.948,1.53049,0.17354694042859145,0.0072677575685316746,2.175691764985618,0.58,6:31:13,0.35,6:30:44,0.5831148692049223,0.11411155035147186,0.12743056411489284,0.013930968449848457,0.07739426916582476,0.03578135048875805,0.04823642822428148,7.716666666666667,36.0,3.059,0.12822239100933075,0.3401781484260818,0.015803813829984165,74.84299964478375,74.48893497961419,51.338995977901995,55.355625418936526,1.3294657462458233,0.0,0.938406,484.59166721587866,351.1247481590797,7.637199697237027,262.8,392.4660738120482,301.83261706903767,250.73504962018978,1175.5378501045673
c2059,20170823,57988.27147,True,06:30:55.243,06:31:37.718,1.53144,0.17354694042859145,0.006974837063575119,2.1735327277450422,0.58,6:31:13,0.35,6:30:44,0.5831148692049223,0.11411155035147186,0.12743056411489284,0.013930968449848457,0.07739426916582476,0.03578135048875805,0.04823642822428148,8.231111111111112,54.0,3.0403,0.20412306487560272,0.32428688021308694,0.015187473742391462,64.37030658054105,65.4794292419564,53.044275935152044,55.355625418936526,0.5203432848658377,0.0,1.058323,426.22921311899375,358.82587274702814,7.411979430496035,313.6,402.3346837891712,312.9627789843836,252.62175976761188,1175.5378501045673
c2060,20170823,57988.27206,True,06:31:46.012,06:32:28.494,1.53237,0.13788661020353843,0.0054429743162007355,1.7062331882747162,0.73,6:32:43,0.3,6:32:13,0.7818506403762601,5.1522650215385164e-09,0.0010623479782505608,0.002163951309046177,0.13935650153494655,0.02772409273494535,0.04784246091428622,7.716666666666667,46.0,3.0431,0.20125505328178406,0.21698632882461952,0.02017016296479279,62.949724714616096,64.50930999319318,55.98238149624226,59.71415351798589,1.6979256631000719,3.0286431624782577,0.942089,428.12276723938265,418.25591490324456,12.774532768381766,263.6,486.16910887318954,388.2187087681425,291.92097395025996,1423.9093417586237
c2061,20170823,57988.27265,True,06:32:36.882,06:33:19.357,1.53333,0.13788661020353843,0.005581701440696211,1.8277002032394427,0.73,6:32:43,0.39,6:33:43,0.6502912383928402,0.0003361239561670366,0.159720215667694,0.032140319896264084,0.07802001318329754,0.03950069849846196,0.039991390405275155,7.716666666666667,47.0,3.0285,0.1594935655593872,0.21611922964858002,0.013785564330145444,69.98360475463862,69.22408515878199,56.0777562811526,60.822974435681864,1.3945256975875504,1.7875896159363622,0.978181,458.1248301854532,418.5987512760067,8.94439701907843,189.0,485.9082849460941,387.45982119290375,292.8464010443427,1423.9093417586237
c2062,20170823,57988.27323,True,06:33:27.630,06:34:10.105,1.53429,0.17659162359400535,0.0071766467084687716,1.8271202110629048,0.57,6:34:12,0.39,6:33:43,0.4718144439310673,0.0005076676314321461,0.24123476500899788,0.04854340125373076,0.11783818014264413,0.05966021070115001,0.06040133133097797,7.716666666666667,47.0,3.0228,0.17090946435928345,0.30869150279836394,0.014699252373966772,71.27904405158183,71.90471264273118,53.76177300597997,56.4644463366325,1.0463341052807602,1.9205341659445785,0.972609,449.41607714771624,366.60206674882306,7.538007785960565,247.2,411.4519142297129,315.25214895394527,264.17406721095114,1158.623507103811
